",",datasetName,errorType,percentage,feature,modelName,Accuracy,Auc,Recall,Precision,F1
0,citrus.csv,NULL,0.0,NULL,LogisticRegression,1.0,0.5087,1.0,1.0,1.0
1,citrus.csv,NULL,0.0,NULL,RandomForestClassifier,1.0,0.5037,1.0,1.0,1.0
2,citrus.csv,NULL,0.0,NULL,KNeighborsClassifier,1.0,0.5,1.0,1.0,1.0
3,citrus.csv,NULL,0.0,NULL,ExtraTreesClassifier,1.0,0.5153,1.0,1.0,1.0
4,citrus.csv,NULL,0.0,NULL,CatBoostClassifier,1.0,0.7725,1.0,1.0,1.0
5,citrus.csv,NULL,0.0,NULL,MLPClassifier,1.0,0.5266,1.0,1.0,1.0
6,citrus.csv,NULL,0.0,NULL,GaussianProcessClassifier,1.0,0.5056,1.0,1.0,1.0
7,citrus.csv,NULL,0.0,NULL,DecisionTreeClassifier,1.0,0.5,1.0,1.0,1.0
8,citrus.csv,NULL,0.0,NULL,AdaBoostClassifier,1.0,0.5,1.0,1.0,1.0
9,citrus.csv,NULL,0.0,NULL,GradientBoostingClassifier,1.0,0.5,1.0,1.0,1.0
10,citrus.csv,NULL,0.0,NULL,RidgeClassifier,1.0,,1.0,1.0,1.0
11,citrus.csv,NULL,0.0,NULL,LinearDiscriminantAnalysis,1.0,0.5011,1.0,1.0,1.0
12,citrus.csv,NULL,0.0,NULL,QuadraticDiscriminantAnalysis,1.0,0.5016,1.0,1.0,1.0
13,citrus.csv,NULL,0.0,NULL,GaussianNB,0.946,0.4833,0.9504,0.9449,0.9476
14,citrus.csv,NULL,0.0,NULL,SGDClassifier,1.0,,1.0,1.0,1.0
15,citrus.csv,NULL,0.0,NULL,SVC,0.514,0.2961,0.0545,1.0,0.1033
16,citrus.csv,NULL,0.0,NULL,DummyClassifier,0.486,0.5,0.0,0.0,0.0
17,citrus.csv,Missing,0.2,diameter,LogisticRegression,1.0,0.5033,1.0,1.0,1.0
18,citrus.csv,Missing,0.2,diameter,RandomForestClassifier,1.0,0.4934,1.0,1.0,1.0
19,citrus.csv,Missing,0.2,diameter,KNeighborsClassifier,1.0,0.5,1.0,1.0,1.0
20,citrus.csv,Missing,0.2,diameter,ExtraTreesClassifier,1.0,0.5206,1.0,1.0,1.0
21,citrus.csv,Missing,0.2,diameter,CatBoostClassifier,1.0,0.6064,1.0,1.0,1.0
22,citrus.csv,Missing,0.2,diameter,MLPClassifier,1.0,0.5271,1.0,1.0,1.0
23,citrus.csv,Missing,0.2,diameter,GaussianProcessClassifier,1.0,0.5046,1.0,1.0,1.0
24,citrus.csv,Missing,0.2,diameter,DecisionTreeClassifier,1.0,0.5,1.0,1.0,1.0
25,citrus.csv,Missing,0.2,diameter,AdaBoostClassifier,1.0,0.5,1.0,1.0,1.0
26,citrus.csv,Missing,0.2,diameter,GradientBoostingClassifier,1.0,0.5,1.0,1.0,1.0
27,citrus.csv,Missing,0.2,diameter,RidgeClassifier,1.0,,1.0,1.0,1.0
28,citrus.csv,Missing,0.2,diameter,QuadraticDiscriminantAnalysis,1.0,0.5189,1.0,1.0,1.0
29,citrus.csv,Missing,0.2,diameter,LinearDiscriminantAnalysis,1.0,0.4971,1.0,1.0,1.0
30,citrus.csv,Missing,0.2,diameter,GaussianNB,0.9485,0.4829,0.9533,0.9469,0.9501
31,citrus.csv,Missing,0.2,diameter,SGDClassifier,0.9985,,1.0,0.9971,0.9985
32,citrus.csv,Missing,0.2,diameter,SVC,0.513,0.3174,0.0525,1.0,0.0998
33,citrus.csv,Missing,0.2,diameter,DummyClassifier,0.486,0.5,0.0,0.0,0.0
34,citrus.csv,Missing,0.4,diameter,LogisticRegression,1.0,0.5087,1.0,1.0,1.0
35,citrus.csv,Missing,0.4,diameter,ExtraTreesClassifier,1.0,0.505,1.0,1.0,1.0
36,citrus.csv,Missing,0.4,diameter,KNeighborsClassifier,1.0,0.5,1.0,1.0,1.0
37,citrus.csv,Missing,0.4,diameter,CatBoostClassifier,1.0,0.2462,1.0,1.0,1.0
38,citrus.csv,Missing,0.4,diameter,RandomForestClassifier,1.0,0.4986,1.0,1.0,1.0
39,citrus.csv,Missing,0.4,diameter,GaussianProcessClassifier,1.0,0.5032,1.0,1.0,1.0
40,citrus.csv,Missing,0.4,diameter,DecisionTreeClassifier,1.0,0.5,1.0,1.0,1.0
41,citrus.csv,Missing,0.4,diameter,MLPClassifier,1.0,0.5263,1.0,1.0,1.0
42,citrus.csv,Missing,0.4,diameter,AdaBoostClassifier,1.0,0.5,1.0,1.0,1.0
43,citrus.csv,Missing,0.4,diameter,GradientBoostingClassifier,1.0,0.5,1.0,1.0,1.0
44,citrus.csv,Missing,0.4,diameter,QuadraticDiscriminantAnalysis,1.0,0.5174,1.0,1.0,1.0
45,citrus.csv,Missing,0.4,diameter,RidgeClassifier,1.0,,1.0,1.0,1.0
46,citrus.csv,Missing,0.4,diameter,LinearDiscriminantAnalysis,1.0,0.4976,1.0,1.0,1.0
47,citrus.csv,Missing,0.4,diameter,GaussianNB,0.9505,0.482,0.9562,0.9479,0.9521
48,citrus.csv,Missing,0.4,diameter,SGDClassifier,0.9985,,1.0,0.9971,0.9985
49,citrus.csv,Missing,0.4,diameter,SVC,0.5115,0.3379,0.0496,1.0,0.0945
50,citrus.csv,Missing,0.4,diameter,DummyClassifier,0.486,0.5,0.0,0.0,0.0
51,citrus.csv,Missing,0.6,diameter,LogisticRegression,1.0,0.5082,1.0,1.0,1.0
52,citrus.csv,Missing,0.6,diameter,RandomForestClassifier,1.0,0.4999,1.0,1.0,1.0
53,citrus.csv,Missing,0.6,diameter,KNeighborsClassifier,1.0,0.5,1.0,1.0,1.0
54,citrus.csv,Missing,0.6,diameter,ExtraTreesClassifier,1.0,0.5217,1.0,1.0,1.0
55,citrus.csv,Missing,0.6,diameter,CatBoostClassifier,1.0,0.2151,1.0,1.0,1.0
56,citrus.csv,Missing,0.6,diameter,MLPClassifier,1.0,0.5067,1.0,1.0,1.0
57,citrus.csv,Missing,0.6,diameter,GaussianProcessClassifier,1.0,0.5027,1.0,1.0,1.0
58,citrus.csv,Missing,0.6,diameter,DecisionTreeClassifier,1.0,0.5,1.0,1.0,1.0
59,citrus.csv,Missing,0.6,diameter,AdaBoostClassifier,1.0,0.5,1.0,1.0,1.0
60,citrus.csv,Missing,0.6,diameter,GradientBoostingClassifier,1.0,0.5,1.0,1.0,1.0
61,citrus.csv,Missing,0.6,diameter,RidgeClassifier,1.0,,1.0,1.0,1.0
62,citrus.csv,Missing,0.6,diameter,QuadraticDiscriminantAnalysis,1.0,0.519,1.0,1.0,1.0
63,citrus.csv,Missing,0.6,diameter,LinearDiscriminantAnalysis,1.0,0.4976,1.0,1.0,1.0
64,citrus.csv,Missing,0.6,diameter,GaussianNB,0.9525,0.4793,0.9591,0.949,0.954
65,citrus.csv,Missing,0.6,diameter,SGDClassifier,1.0,,1.0,1.0,1.0
66,citrus.csv,Missing,0.6,diameter,SVC,0.511,0.3254,0.0486,1.0,0.0928
67,citrus.csv,Missing,0.6,diameter,DummyClassifier,0.486,0.5,0.0,0.0,0.0
68,citrus.csv,Missing,0.8,diameter,LogisticRegression,1.0,0.5087,1.0,1.0,1.0
69,citrus.csv,Missing,0.8,diameter,ExtraTreesClassifier,0.9995,0.4993,0.999,1.0,0.9995
70,citrus.csv,Missing,0.8,diameter,KNeighborsClassifier,1.0,0.5,1.0,1.0,1.0
71,citrus.csv,Missing,0.8,diameter,CatBoostClassifier,1.0,0.2507,1.0,1.0,1.0
72,citrus.csv,Missing,0.8,diameter,RandomForestClassifier,1.0,0.5029,1.0,1.0,1.0
73,citrus.csv,Missing,0.8,diameter,GaussianProcessClassifier,1.0,0.5017,1.0,1.0,1.0
74,citrus.csv,Missing,0.8,diameter,DecisionTreeClassifier,1.0,0.5,1.0,1.0,1.0
75,citrus.csv,Missing,0.8,diameter,MLPClassifier,1.0,0.5062,1.0,1.0,1.0
76,citrus.csv,Missing,0.8,diameter,AdaBoostClassifier,1.0,0.5,1.0,1.0,1.0
77,citrus.csv,Missing,0.8,diameter,GradientBoostingClassifier,1.0,0.5,1.0,1.0,1.0
78,citrus.csv,Missing,0.8,diameter,RidgeClassifier,1.0,,1.0,1.0,1.0
79,citrus.csv,Missing,0.8,diameter,LinearDiscriminantAnalysis,1.0,0.4976,1.0,1.0,1.0
80,citrus.csv,Missing,0.8,diameter,QuadraticDiscriminantAnalysis,1.0,0.521,1.0,1.0,1.0
81,citrus.csv,Missing,0.8,diameter,SGDClassifier,0.9985,,0.9971,1.0,0.9985
82,citrus.csv,Missing,0.8,diameter,GaussianNB,0.954,0.4787,0.9621,0.9491,0.9556
83,citrus.csv,Missing,0.8,diameter,SVC,0.5105,0.342,0.0477,1.0,0.091
84,citrus.csv,Missing,0.8,diameter,DummyClassifier,0.486,0.5,0.0,0.0,0.0
85,citrus.csv,Missing,0.2,weight,KNeighborsClassifier,1.0,0.5,1.0,1.0,1.0
86,citrus.csv,Missing,0.2,weight,RandomForestClassifier,1.0,0.5038,1.0,1.0,1.0
87,citrus.csv,Missing,0.2,weight,CatBoostClassifier,1.0,0.6227,1.0,1.0,1.0
88,citrus.csv,Missing,0.2,weight,ExtraTreesClassifier,1.0,0.5136,1.0,1.0,1.0
89,citrus.csv,Missing,0.2,weight,LogisticRegression,1.0,0.5,1.0,1.0,1.0
90,citrus.csv,Missing,0.2,weight,DecisionTreeClassifier,1.0,0.5,1.0,1.0,1.0
91,citrus.csv,Missing,0.2,weight,AdaBoostClassifier,1.0,0.5,1.0,1.0,1.0
92,citrus.csv,Missing,0.2,weight,GradientBoostingClassifier,1.0,0.5,1.0,1.0,1.0
93,citrus.csv,Missing,0.2,weight,GaussianProcessClassifier,1.0,0.5037,1.0,1.0,1.0
94,citrus.csv,Missing,0.2,weight,MLPClassifier,0.9995,0.5543,1.0,0.999,0.9995
95,citrus.csv,Missing,0.2,weight,QuadraticDiscriminantAnalysis,1.0,0.5226,1.0,1.0,1.0
96,citrus.csv,Missing,0.2,weight,RidgeClassifier,0.9995,,0.999,1.0,0.9995
97,citrus.csv,Missing,0.2,weight,LinearDiscriminantAnalysis,0.9995,0.5014,0.999,1.0,0.9995
98,citrus.csv,Missing,0.2,weight,SGDClassifier,0.9995,,0.999,1.0,0.9995
99,citrus.csv,Missing,0.2,weight,GaussianNB,0.9485,0.4843,0.9533,0.9469,0.9501
100,citrus.csv,Missing,0.2,weight,SVC,0.5085,0.3487,0.0438,1.0,0.0839
101,citrus.csv,Missing,0.2,weight,DummyClassifier,0.486,0.5,0.0,0.0,0.0
102,citrus.csv,Missing,0.4,weight,LogisticRegression,1.0,0.5,1.0,1.0,1.0
103,citrus.csv,Missing,0.4,weight,RandomForestClassifier,1.0,0.5027,1.0,1.0,1.0
104,citrus.csv,Missing,0.4,weight,CatBoostClassifier,1.0,0.5722,1.0,1.0,1.0
105,citrus.csv,Missing,0.4,weight,ExtraTreesClassifier,1.0,0.507,1.0,1.0,1.0
106,citrus.csv,Missing,0.4,weight,KNeighborsClassifier,1.0,0.5,1.0,1.0,1.0
107,citrus.csv,Missing,0.4,weight,DecisionTreeClassifier,1.0,0.5,1.0,1.0,1.0
108,citrus.csv,Missing,0.4,weight,GaussianProcessClassifier,1.0,0.5018,1.0,1.0,1.0
109,citrus.csv,Missing,0.4,weight,AdaBoostClassifier,1.0,0.5,1.0,1.0,1.0
110,citrus.csv,Missing,0.4,weight,GradientBoostingClassifier,1.0,0.5,1.0,1.0,1.0
111,citrus.csv,Missing,0.4,weight,QuadraticDiscriminantAnalysis,1.0,0.5207,1.0,1.0,1.0
112,citrus.csv,Missing,0.4,weight,MLPClassifier,1.0,0.506,1.0,1.0,1.0
113,citrus.csv,Missing,0.4,weight,RidgeClassifier,0.9995,,0.999,1.0,0.9995
114,citrus.csv,Missing,0.4,weight,LinearDiscriminantAnalysis,0.9995,0.4986,0.999,1.0,0.9995
115,citrus.csv,Missing,0.4,weight,SGDClassifier,1.0,,1.0,1.0,1.0
116,citrus.csv,Missing,0.4,weight,GaussianNB,0.95,0.4843,0.9553,0.9479,0.9516
117,citrus.csv,Missing,0.4,weight,SVC,0.5025,0.3809,0.0321,1.0,0.0622
118,citrus.csv,Missing,0.4,weight,DummyClassifier,0.486,0.5,0.0,0.0,0.0
119,citrus.csv,Missing,0.6,weight,LogisticRegression,1.0,0.5,1.0,1.0,1.0
120,citrus.csv,Missing,0.6,weight,ExtraTreesClassifier,1.0,0.5043,1.0,1.0,1.0
121,citrus.csv,Missing,0.6,weight,KNeighborsClassifier,1.0,0.5,1.0,1.0,1.0
122,citrus.csv,Missing,0.6,weight,CatBoostClassifier,1.0,0.5662,1.0,1.0,1.0
123,citrus.csv,Missing,0.6,weight,RandomForestClassifier,1.0,0.496,1.0,1.0,1.0
124,citrus.csv,Missing,0.6,weight,GaussianProcessClassifier,1.0,0.5018,1.0,1.0,1.0
125,citrus.csv,Missing,0.6,weight,DecisionTreeClassifier,1.0,0.5,1.0,1.0,1.0
126,citrus.csv,Missing,0.6,weight,AdaBoostClassifier,1.0,0.5,1.0,1.0,1.0
127,citrus.csv,Missing,0.6,weight,GradientBoostingClassifier,1.0,0.5,1.0,1.0,1.0
128,citrus.csv,Missing,0.6,weight,MLPClassifier,1.0,0.475,1.0,1.0,1.0
129,citrus.csv,Missing,0.6,weight,QuadraticDiscriminantAnalysis,1.0,0.5217,1.0,1.0,1.0
130,citrus.csv,Missing,0.6,weight,RidgeClassifier,0.9995,,0.999,1.0,0.9995
131,citrus.csv,Missing,0.6,weight,LinearDiscriminantAnalysis,0.9995,0.4983,0.999,1.0,0.9995
132,citrus.csv,Missing,0.6,weight,GaussianNB,0.9515,0.4838,0.9572,0.9489,0.953
133,citrus.csv,Missing,0.6,weight,SGDClassifier,0.9975,,1.0,0.9952,0.9976
134,citrus.csv,Missing,0.6,weight,SVC,0.4995,0.3978,0.0263,1.0,0.0512
135,citrus.csv,Missing,0.6,weight,DummyClassifier,0.486,0.5,0.0,0.0,0.0
136,citrus.csv,Missing,0.8,weight,LogisticRegression,1.0,0.5,1.0,1.0,1.0
137,citrus.csv,Missing,0.8,weight,ExtraTreesClassifier,1.0,0.5025,1.0,1.0,1.0
138,citrus.csv,Missing,0.8,weight,KNeighborsClassifier,1.0,0.5,1.0,1.0,1.0
139,citrus.csv,Missing,0.8,weight,CatBoostClassifier,1.0,0.4777,1.0,1.0,1.0
140,citrus.csv,Missing,0.8,weight,RandomForestClassifier,1.0,0.4666,1.0,1.0,1.0
141,citrus.csv,Missing,0.8,weight,DecisionTreeClassifier,1.0,0.5,1.0,1.0,1.0
142,citrus.csv,Missing,0.8,weight,GaussianProcessClassifier,0.9995,0.4999,0.999,1.0,0.9995
143,citrus.csv,Missing,0.8,weight,AdaBoostClassifier,1.0,0.5,1.0,1.0,1.0
144,citrus.csv,Missing,0.8,weight,GradientBoostingClassifier,1.0,0.5,1.0,1.0,1.0
145,citrus.csv,Missing,0.8,weight,QuadraticDiscriminantAnalysis,1.0,0.5232,1.0,1.0,1.0
146,citrus.csv,Missing,0.8,weight,RidgeClassifier,0.9995,,0.999,1.0,0.9995
147,citrus.csv,Missing,0.8,weight,LinearDiscriminantAnalysis,0.9995,0.4978,0.999,1.0,0.9995
148,citrus.csv,Missing,0.8,weight,MLPClassifier,1.0,0.5038,1.0,1.0,1.0
149,citrus.csv,Missing,0.8,weight,SGDClassifier,1.0,,1.0,1.0,1.0
150,citrus.csv,Missing,0.8,weight,GaussianNB,0.9535,0.4823,0.9611,0.9491,0.9551
151,citrus.csv,Missing,0.8,weight,SVC,0.4925,0.4365,0.0126,1.0,0.025
152,citrus.csv,Missing,0.8,weight,DummyClassifier,0.486,0.5,0.0,0.0,0.0
153,citrus.csv,Missing,0.2,red,LogisticRegression,1.0,0.5087,1.0,1.0,1.0
154,citrus.csv,Missing,0.2,red,RandomForestClassifier,1.0,0.51,1.0,1.0,1.0
155,citrus.csv,Missing,0.2,red,KNeighborsClassifier,1.0,0.5,1.0,1.0,1.0
156,citrus.csv,Missing,0.2,red,ExtraTreesClassifier,1.0,0.5027,1.0,1.0,1.0
157,citrus.csv,Missing,0.2,red,CatBoostClassifier,1.0,0.6752,1.0,1.0,1.0
158,citrus.csv,Missing,0.2,red,MLPClassifier,1.0,0.5167,1.0,1.0,1.0
159,citrus.csv,Missing,0.2,red,GaussianProcessClassifier,1.0,0.5045,1.0,1.0,1.0
160,citrus.csv,Missing,0.2,red,DecisionTreeClassifier,1.0,0.5,1.0,1.0,1.0
161,citrus.csv,Missing,0.2,red,AdaBoostClassifier,1.0,0.5,1.0,1.0,1.0
162,citrus.csv,Missing,0.2,red,GradientBoostingClassifier,1.0,0.5,1.0,1.0,1.0
163,citrus.csv,Missing,0.2,red,RidgeClassifier,1.0,,1.0,1.0,1.0
164,citrus.csv,Missing,0.2,red,LinearDiscriminantAnalysis,1.0,0.5016,1.0,1.0,1.0
165,citrus.csv,Missing,0.2,red,QuadraticDiscriminantAnalysis,1.0,0.5021,1.0,1.0,1.0
166,citrus.csv,Missing,0.2,red,SGDClassifier,0.959,,1.0,0.9261,0.9616
167,citrus.csv,Missing,0.2,red,GaussianNB,0.946,0.483,0.9494,0.9457,0.9476
168,citrus.csv,Missing,0.2,red,SVC,0.515,0.3127,0.0564,1.0,0.1068
169,citrus.csv,Missing,0.2,red,DummyClassifier,0.486,0.5,0.0,0.0,0.0
170,citrus.csv,Missing,0.4,red,LogisticRegression,1.0,0.5052,1.0,1.0,1.0
171,citrus.csv,Missing,0.4,red,RandomForestClassifier,1.0,0.5102,1.0,1.0,1.0
172,citrus.csv,Missing,0.4,red,KNeighborsClassifier,1.0,0.5,1.0,1.0,1.0
173,citrus.csv,Missing,0.4,red,ExtraTreesClassifier,1.0,0.5092,1.0,1.0,1.0
174,citrus.csv,Missing,0.4,red,CatBoostClassifier,1.0,0.6996,1.0,1.0,1.0
175,citrus.csv,Missing,0.4,red,MLPClassifier,1.0,0.506,1.0,1.0,1.0
176,citrus.csv,Missing,0.4,red,GaussianProcessClassifier,1.0,0.503,1.0,1.0,1.0
177,citrus.csv,Missing,0.4,red,DecisionTreeClassifier,1.0,0.5,1.0,1.0,1.0
178,citrus.csv,Missing,0.4,red,AdaBoostClassifier,1.0,0.5,1.0,1.0,1.0
179,citrus.csv,Missing,0.4,red,GradientBoostingClassifier,1.0,0.5,1.0,1.0,1.0
180,citrus.csv,Missing,0.4,red,RidgeClassifier,1.0,,1.0,1.0,1.0
181,citrus.csv,Missing,0.4,red,LinearDiscriminantAnalysis,1.0,0.5016,1.0,1.0,1.0
182,citrus.csv,Missing,0.4,red,QuadraticDiscriminantAnalysis,1.0,0.5021,1.0,1.0,1.0
183,citrus.csv,Missing,0.4,red,SGDClassifier,0.9995,,1.0,0.999,0.9995
184,citrus.csv,Missing,0.4,red,GaussianNB,0.946,0.4831,0.9504,0.9449,0.9476
185,citrus.csv,Missing,0.4,red,SVC,0.513,0.3058,0.0525,1.0,0.0998
186,citrus.csv,Missing,0.4,red,DummyClassifier,0.486,0.5,0.0,0.0,0.0
187,citrus.csv,Missing,0.6,red,LogisticRegression,1.0,0.5045,1.0,1.0,1.0
188,citrus.csv,Missing,0.6,red,ExtraTreesClassifier,1.0,0.5258,1.0,1.0,1.0
189,citrus.csv,Missing,0.6,red,KNeighborsClassifier,1.0,0.5,1.0,1.0,1.0
190,citrus.csv,Missing,0.6,red,CatBoostClassifier,1.0,0.7267,1.0,1.0,1.0
191,citrus.csv,Missing,0.6,red,RandomForestClassifier,1.0,0.5067,1.0,1.0,1.0
192,citrus.csv,Missing,0.6,red,GaussianProcessClassifier,1.0,0.503,1.0,1.0,1.0
193,citrus.csv,Missing,0.6,red,DecisionTreeClassifier,1.0,0.5,1.0,1.0,1.0
194,citrus.csv,Missing,0.6,red,MLPClassifier,1.0,0.5001,1.0,1.0,1.0
195,citrus.csv,Missing,0.6,red,AdaBoostClassifier,1.0,0.5,1.0,1.0,1.0
196,citrus.csv,Missing,0.6,red,GradientBoostingClassifier,1.0,0.5,1.0,1.0,1.0
197,citrus.csv,Missing,0.6,red,SGDClassifier,0.9995,,0.999,1.0,0.9995
198,citrus.csv,Missing,0.6,red,RidgeClassifier,1.0,,1.0,1.0,1.0
199,citrus.csv,Missing,0.6,red,LinearDiscriminantAnalysis,1.0,0.5016,1.0,1.0,1.0
200,citrus.csv,Missing,0.6,red,QuadraticDiscriminantAnalysis,1.0,0.5021,1.0,1.0,1.0
201,citrus.csv,Missing,0.6,red,GaussianNB,0.9465,0.4839,0.9504,0.9458,0.9481
202,citrus.csv,Missing,0.6,red,SVC,0.513,0.2893,0.0525,1.0,0.0998
203,citrus.csv,Missing,0.6,red,DummyClassifier,0.486,0.5,0.0,0.0,0.0
204,citrus.csv,Missing,0.8,red,LogisticRegression,1.0,0.4968,1.0,1.0,1.0
205,citrus.csv,Missing,0.8,red,RandomForestClassifier,1.0,0.4902,1.0,1.0,1.0
206,citrus.csv,Missing,0.8,red,KNeighborsClassifier,1.0,0.5,1.0,1.0,1.0
207,citrus.csv,Missing,0.8,red,ExtraTreesClassifier,1.0,0.4864,1.0,1.0,1.0
208,citrus.csv,Missing,0.8,red,CatBoostClassifier,1.0,0.7163,1.0,1.0,1.0
209,citrus.csv,Missing,0.8,red,MLPClassifier,1.0,0.5034,1.0,1.0,1.0
210,citrus.csv,Missing,0.8,red,GaussianProcessClassifier,1.0,0.5045,1.0,1.0,1.0
211,citrus.csv,Missing,0.8,red,SGDClassifier,1.0,,1.0,1.0,1.0
212,citrus.csv,Missing,0.8,red,DecisionTreeClassifier,1.0,0.5,1.0,1.0,1.0
213,citrus.csv,Missing,0.8,red,GradientBoostingClassifier,1.0,0.5,1.0,1.0,1.0
214,citrus.csv,Missing,0.8,red,AdaBoostClassifier,1.0,0.5,1.0,1.0,1.0
215,citrus.csv,Missing,0.8,red,RidgeClassifier,1.0,,1.0,1.0,1.0
216,citrus.csv,Missing,0.8,red,LinearDiscriminantAnalysis,1.0,0.5011,1.0,1.0,1.0
217,citrus.csv,Missing,0.8,red,QuadraticDiscriminantAnalysis,1.0,0.5026,1.0,1.0,1.0
218,citrus.csv,Missing,0.8,red,GaussianNB,0.946,0.4899,0.9514,0.944,0.9477
219,citrus.csv,Missing,0.8,red,SVC,0.5095,0.291,0.0457,1.0,0.0874
220,citrus.csv,Missing,0.8,red,DummyClassifier,0.486,0.5,0.0,0.0,0.0
221,citrus.csv,Missing,0.2,green,LogisticRegression,1.0,0.5082,1.0,1.0,1.0
222,citrus.csv,Missing,0.2,green,RandomForestClassifier,1.0,0.5053,1.0,1.0,1.0
223,citrus.csv,Missing,0.2,green,KNeighborsClassifier,1.0,0.5,1.0,1.0,1.0
224,citrus.csv,Missing,0.2,green,ExtraTreesClassifier,1.0,0.5069,1.0,1.0,1.0
225,citrus.csv,Missing,0.2,green,CatBoostClassifier,1.0,0.7709,1.0,1.0,1.0
226,citrus.csv,Missing,0.2,green,MLPClassifier,1.0,0.5027,1.0,1.0,1.0
227,citrus.csv,Missing,0.2,green,GaussianProcessClassifier,1.0,0.505,1.0,1.0,1.0
228,citrus.csv,Missing,0.2,green,DecisionTreeClassifier,1.0,0.5,1.0,1.0,1.0
229,citrus.csv,Missing,0.2,green,AdaBoostClassifier,1.0,0.5,1.0,1.0,1.0
230,citrus.csv,Missing,0.2,green,GradientBoostingClassifier,1.0,0.5,1.0,1.0,1.0
231,citrus.csv,Missing,0.2,green,RidgeClassifier,1.0,,1.0,1.0,1.0
232,citrus.csv,Missing,0.2,green,LinearDiscriminantAnalysis,1.0,0.5016,1.0,1.0,1.0
233,citrus.csv,Missing,0.2,green,QuadraticDiscriminantAnalysis,1.0,0.5021,1.0,1.0,1.0
234,citrus.csv,Missing,0.2,green,SGDClassifier,0.997,,1.0,0.9942,0.9971
235,citrus.csv,Missing,0.2,green,GaussianNB,0.9465,0.4837,0.9514,0.9449,0.9481
236,citrus.csv,Missing,0.2,green,SVC,0.512,0.3068,0.0506,1.0,0.0963
237,citrus.csv,Missing,0.2,green,DummyClassifier,0.486,0.5,0.0,0.0,0.0
238,citrus.csv,Missing,0.4,green,LogisticRegression,1.0,0.5071,1.0,1.0,1.0
239,citrus.csv,Missing,0.4,green,ExtraTreesClassifier,1.0,0.5151,1.0,1.0,1.0
240,citrus.csv,Missing,0.4,green,KNeighborsClassifier,1.0,0.5,1.0,1.0,1.0
241,citrus.csv,Missing,0.4,green,CatBoostClassifier,1.0,0.7785,1.0,1.0,1.0
242,citrus.csv,Missing,0.4,green,RandomForestClassifier,1.0,0.5208,1.0,1.0,1.0
243,citrus.csv,Missing,0.4,green,GaussianProcessClassifier,1.0,0.506,1.0,1.0,1.0
244,citrus.csv,Missing,0.4,green,DecisionTreeClassifier,1.0,0.5,1.0,1.0,1.0
245,citrus.csv,Missing,0.4,green,MLPClassifier,1.0,0.5205,1.0,1.0,1.0
246,citrus.csv,Missing,0.4,green,AdaBoostClassifier,1.0,0.5,1.0,1.0,1.0
247,citrus.csv,Missing,0.4,green,GradientBoostingClassifier,1.0,0.5,1.0,1.0,1.0
248,citrus.csv,Missing,0.4,green,SGDClassifier,0.976,,0.9533,1.0,0.9761
249,citrus.csv,Missing,0.4,green,RidgeClassifier,1.0,,1.0,1.0,1.0
250,citrus.csv,Missing,0.4,green,LinearDiscriminantAnalysis,1.0,0.5021,1.0,1.0,1.0
251,citrus.csv,Missing,0.4,green,QuadraticDiscriminantAnalysis,1.0,0.5021,1.0,1.0,1.0
252,citrus.csv,Missing,0.4,green,GaussianNB,0.946,0.4829,0.9494,0.9457,0.9476
253,citrus.csv,Missing,0.4,green,SVC,0.5125,0.3134,0.0516,1.0,0.0981
254,citrus.csv,Missing,0.4,green,DummyClassifier,0.486,0.5,0.0,0.0,0.0
255,citrus.csv,Missing,0.6,green,LogisticRegression,1.0,0.5051,1.0,1.0,1.0
256,citrus.csv,Missing,0.6,green,ExtraTreesClassifier,1.0,0.5191,1.0,1.0,1.0
257,citrus.csv,Missing,0.6,green,KNeighborsClassifier,1.0,0.5,1.0,1.0,1.0
258,citrus.csv,Missing,0.6,green,CatBoostClassifier,1.0,0.734,1.0,1.0,1.0
259,citrus.csv,Missing,0.6,green,RandomForestClassifier,1.0,0.5135,1.0,1.0,1.0
260,citrus.csv,Missing,0.6,green,MLPClassifier,1.0,0.4926,1.0,1.0,1.0
261,citrus.csv,Missing,0.6,green,DecisionTreeClassifier,1.0,0.5,1.0,1.0,1.0
262,citrus.csv,Missing,0.6,green,GaussianProcessClassifier,1.0,0.507,1.0,1.0,1.0
263,citrus.csv,Missing,0.6,green,AdaBoostClassifier,1.0,0.5,1.0,1.0,1.0
264,citrus.csv,Missing,0.6,green,GradientBoostingClassifier,1.0,0.5,1.0,1.0,1.0
265,citrus.csv,Missing,0.6,green,RidgeClassifier,1.0,,1.0,1.0,1.0
266,citrus.csv,Missing,0.6,green,LinearDiscriminantAnalysis,1.0,0.5021,1.0,1.0,1.0
267,citrus.csv,Missing,0.6,green,QuadraticDiscriminantAnalysis,1.0,0.5021,1.0,1.0,1.0
268,citrus.csv,Missing,0.6,green,SGDClassifier,1.0,,1.0,1.0,1.0
269,citrus.csv,Missing,0.6,green,GaussianNB,0.9455,0.4836,0.9494,0.9448,0.9471
270,citrus.csv,Missing,0.6,green,SVC,0.514,0.3073,0.0545,1.0,0.1033
271,citrus.csv,Missing,0.6,green,DummyClassifier,0.486,0.5,0.0,0.0,0.0
272,citrus.csv,Missing,0.8,green,LogisticRegression,1.0,0.5021,1.0,1.0,1.0
273,citrus.csv,Missing,0.8,green,RandomForestClassifier,1.0,0.5173,1.0,1.0,1.0
274,citrus.csv,Missing,0.8,green,KNeighborsClassifier,1.0,0.5,1.0,1.0,1.0
275,citrus.csv,Missing,0.8,green,ExtraTreesClassifier,1.0,0.5107,1.0,1.0,1.0
276,citrus.csv,Missing,0.8,green,CatBoostClassifier,1.0,0.753,1.0,1.0,1.0
277,citrus.csv,Missing,0.8,green,MLPClassifier,1.0,0.5055,1.0,1.0,1.0
278,citrus.csv,Missing,0.8,green,GaussianProcessClassifier,1.0,0.5085,1.0,1.0,1.0
279,citrus.csv,Missing,0.8,green,DecisionTreeClassifier,1.0,0.5,1.0,1.0,1.0
280,citrus.csv,Missing,0.8,green,AdaBoostClassifier,1.0,0.5,1.0,1.0,1.0
281,citrus.csv,Missing,0.8,green,GradientBoostingClassifier,1.0,0.5,1.0,1.0,1.0
282,citrus.csv,Missing,0.8,green,RidgeClassifier,1.0,,1.0,1.0,1.0
283,citrus.csv,Missing,0.8,green,LinearDiscriminantAnalysis,1.0,0.5016,1.0,1.0,1.0
284,citrus.csv,Missing,0.8,green,QuadraticDiscriminantAnalysis,1.0,0.5015,1.0,1.0,1.0
285,citrus.csv,Missing,0.8,green,GaussianNB,0.945,0.481,0.9484,0.9448,0.9466
286,citrus.csv,Missing,0.8,green,SGDClassifier,0.994,,1.0,0.9885,0.9942
287,citrus.csv,Missing,0.8,green,SVC,0.5115,0.3173,0.0496,1.0,0.0945
288,citrus.csv,Missing,0.8,green,DummyClassifier,0.486,0.5,0.0,0.0,0.0
289,citrus.csv,Missing,0.2,blue,LogisticRegression,1.0,0.5092,1.0,1.0,1.0
290,citrus.csv,Missing,0.2,blue,RandomForestClassifier,1.0,0.5024,1.0,1.0,1.0
291,citrus.csv,Missing,0.2,blue,KNeighborsClassifier,1.0,0.5,1.0,1.0,1.0
292,citrus.csv,Missing,0.2,blue,ExtraTreesClassifier,1.0,0.5086,1.0,1.0,1.0
293,citrus.csv,Missing,0.2,blue,CatBoostClassifier,1.0,0.6984,1.0,1.0,1.0
294,citrus.csv,Missing,0.2,blue,MLPClassifier,1.0,0.5075,1.0,1.0,1.0
295,citrus.csv,Missing,0.2,blue,GaussianProcessClassifier,1.0,0.5031,1.0,1.0,1.0
296,citrus.csv,Missing,0.2,blue,DecisionTreeClassifier,1.0,0.5,1.0,1.0,1.0
297,citrus.csv,Missing,0.2,blue,AdaBoostClassifier,1.0,0.5,1.0,1.0,1.0
298,citrus.csv,Missing,0.2,blue,GradientBoostingClassifier,1.0,0.5,1.0,1.0,1.0
299,citrus.csv,Missing,0.2,blue,RidgeClassifier,1.0,,1.0,1.0,1.0
300,citrus.csv,Missing,0.2,blue,LinearDiscriminantAnalysis,1.0,0.5011,1.0,1.0,1.0
301,citrus.csv,Missing,0.2,blue,QuadraticDiscriminantAnalysis,1.0,0.5021,1.0,1.0,1.0
302,citrus.csv,Missing,0.2,blue,SGDClassifier,0.9985,,0.9971,1.0,0.9985
303,citrus.csv,Missing,0.2,blue,GaussianNB,0.945,0.4811,0.9494,0.9439,0.9467
304,citrus.csv,Missing,0.2,blue,SVC,0.5115,0.3305,0.0496,1.0,0.0945
305,citrus.csv,Missing,0.2,blue,DummyClassifier,0.486,0.5,0.0,0.0,0.0
306,citrus.csv,Missing,0.4,blue,LogisticRegression,1.0,0.5082,1.0,1.0,1.0
307,citrus.csv,Missing,0.4,blue,ExtraTreesClassifier,1.0,0.5173,1.0,1.0,1.0
308,citrus.csv,Missing,0.4,blue,KNeighborsClassifier,1.0,0.5,1.0,1.0,1.0
309,citrus.csv,Missing,0.4,blue,CatBoostClassifier,1.0,0.7819,1.0,1.0,1.0
310,citrus.csv,Missing,0.4,blue,RandomForestClassifier,1.0,0.495,1.0,1.0,1.0
311,citrus.csv,Missing,0.4,blue,GaussianProcessClassifier,1.0,0.5006,1.0,1.0,1.0
312,citrus.csv,Missing,0.4,blue,DecisionTreeClassifier,1.0,0.5,1.0,1.0,1.0
313,citrus.csv,Missing,0.4,blue,MLPClassifier,1.0,0.501,1.0,1.0,1.0
314,citrus.csv,Missing,0.4,blue,AdaBoostClassifier,1.0,0.5,1.0,1.0,1.0
315,citrus.csv,Missing,0.4,blue,GradientBoostingClassifier,1.0,0.5,1.0,1.0,1.0
316,citrus.csv,Missing,0.4,blue,RidgeClassifier,1.0,,1.0,1.0,1.0
317,citrus.csv,Missing,0.4,blue,LinearDiscriminantAnalysis,1.0,0.5011,1.0,1.0,1.0
318,citrus.csv,Missing,0.4,blue,QuadraticDiscriminantAnalysis,1.0,0.5021,1.0,1.0,1.0
319,citrus.csv,Missing,0.4,blue,GaussianNB,0.944,0.4762,0.9465,0.9447,0.9456
320,citrus.csv,Missing,0.4,blue,SGDClassifier,1.0,,1.0,1.0,1.0
321,citrus.csv,Missing,0.4,blue,SVC,0.5065,0.3278,0.0399,1.0,0.0767
322,citrus.csv,Missing,0.4,blue,DummyClassifier,0.486,0.5,0.0,0.0,0.0
323,citrus.csv,Missing,0.6,blue,LogisticRegression,1.0,0.5067,1.0,1.0,1.0
324,citrus.csv,Missing,0.6,blue,RandomForestClassifier,1.0,0.5089,1.0,1.0,1.0
325,citrus.csv,Missing,0.6,blue,KNeighborsClassifier,1.0,0.5,1.0,1.0,1.0
326,citrus.csv,Missing,0.6,blue,ExtraTreesClassifier,1.0,0.5104,1.0,1.0,1.0
327,citrus.csv,Missing,0.6,blue,CatBoostClassifier,1.0,0.7253,1.0,1.0,1.0
328,citrus.csv,Missing,0.6,blue,MLPClassifier,1.0,0.5203,1.0,1.0,1.0
329,citrus.csv,Missing,0.6,blue,GaussianProcessClassifier,1.0,0.5006,1.0,1.0,1.0
330,citrus.csv,Missing,0.6,blue,DecisionTreeClassifier,1.0,0.5,1.0,1.0,1.0
331,citrus.csv,Missing,0.6,blue,AdaBoostClassifier,1.0,0.5,1.0,1.0,1.0
332,citrus.csv,Missing,0.6,blue,GradientBoostingClassifier,1.0,0.5,1.0,1.0,1.0
333,citrus.csv,Missing,0.6,blue,RidgeClassifier,1.0,,1.0,1.0,1.0
334,citrus.csv,Missing,0.6,blue,LinearDiscriminantAnalysis,1.0,0.5011,1.0,1.0,1.0
335,citrus.csv,Missing,0.6,blue,SGDClassifier,0.9995,,0.999,1.0,0.9995
336,citrus.csv,Missing,0.6,blue,QuadraticDiscriminantAnalysis,1.0,0.5016,1.0,1.0,1.0
337,citrus.csv,Missing,0.6,blue,GaussianNB,0.9455,0.4679,0.9455,0.9483,0.9469
338,citrus.csv,Missing,0.6,blue,SVC,0.5075,0.311,0.0418,1.0,0.0803
339,citrus.csv,Missing,0.6,blue,DummyClassifier,0.486,0.5,0.0,0.0,0.0
340,citrus.csv,Missing,0.8,blue,LogisticRegression,1.0,0.5052,1.0,1.0,1.0
341,citrus.csv,Missing,0.8,blue,RandomForestClassifier,1.0,0.494,1.0,1.0,1.0
342,citrus.csv,Missing,0.8,blue,KNeighborsClassifier,1.0,0.5,1.0,1.0,1.0
343,citrus.csv,Missing,0.8,blue,ExtraTreesClassifier,1.0,0.5,1.0,1.0,1.0
344,citrus.csv,Missing,0.8,blue,CatBoostClassifier,1.0,0.7404,1.0,1.0,1.0
345,citrus.csv,Missing,0.8,blue,MLPClassifier,1.0,0.4995,1.0,1.0,1.0
346,citrus.csv,Missing,0.8,blue,GaussianProcessClassifier,1.0,0.5002,1.0,1.0,1.0
347,citrus.csv,Missing,0.8,blue,DecisionTreeClassifier,1.0,0.5,1.0,1.0,1.0
348,citrus.csv,Missing,0.8,blue,AdaBoostClassifier,1.0,0.5,1.0,1.0,1.0
349,citrus.csv,Missing,0.8,blue,GradientBoostingClassifier,1.0,0.5,1.0,1.0,1.0
350,citrus.csv,Missing,0.8,blue,RidgeClassifier,1.0,,1.0,1.0,1.0
351,citrus.csv,Missing,0.8,blue,LinearDiscriminantAnalysis,1.0,0.5011,1.0,1.0,1.0
352,citrus.csv,Missing,0.8,blue,QuadraticDiscriminantAnalysis,1.0,0.4991,1.0,1.0,1.0
353,citrus.csv,Missing,0.8,blue,SGDClassifier,1.0,,1.0,1.0,1.0
354,citrus.csv,Missing,0.8,blue,GaussianNB,0.941,0.442,0.9329,0.9514,0.942
355,citrus.csv,Missing,0.8,blue,SVC,0.504,0.4299,0.035,1.0,0.0677
356,citrus.csv,Missing,0.8,blue,DummyClassifier,0.486,0.5,0.0,0.0,0.0
357,citrus.csv,DuplicatedAll,0.2,name,LogisticRegression,1.0,0.5,1.0,1.0,1.0
358,citrus.csv,DuplicatedAll,0.2,name,RandomForestClassifier,1.0,0.5015,1.0,1.0,1.0
359,citrus.csv,DuplicatedAll,0.2,name,KNeighborsClassifier,1.0,0.5,1.0,1.0,1.0
360,citrus.csv,DuplicatedAll,0.2,name,GradientBoostingClassifier,1.0,0.5,1.0,1.0,1.0
361,citrus.csv,DuplicatedAll,0.2,name,ExtraTreesClassifier,1.0,0.5065,1.0,1.0,1.0
362,citrus.csv,DuplicatedAll,0.2,name,CatBoostClassifier,1.0,0.3601,1.0,1.0,1.0
363,citrus.csv,DuplicatedAll,0.2,name,AdaBoostClassifier,1.0,0.5,1.0,1.0,1.0
364,citrus.csv,DuplicatedAll,0.2,name,GaussianProcessClassifier,1.0,0.506,1.0,1.0,1.0
365,citrus.csv,DuplicatedAll,0.2,name,DecisionTreeClassifier,1.0,0.5,1.0,1.0,1.0
366,citrus.csv,DuplicatedAll,0.2,name,MLPClassifier,1.0,0.5104,1.0,1.0,1.0
367,citrus.csv,DuplicatedAll,0.2,name,RidgeClassifier,1.0,,1.0,1.0,1.0
368,citrus.csv,DuplicatedAll,0.2,name,LinearDiscriminantAnalysis,1.0,0.5016,1.0,1.0,1.0
369,citrus.csv,DuplicatedAll,0.2,name,SGDClassifier,0.9995,,0.999,1.0,0.9995
370,citrus.csv,DuplicatedAll,0.2,name,QuadraticDiscriminantAnalysis,1.0,0.5006,1.0,1.0,1.0
371,citrus.csv,DuplicatedAll,0.2,name,GaussianNB,0.947,0.4794,0.9504,0.9467,0.9485
372,citrus.csv,DuplicatedAll,0.2,name,SVC,0.54,0.3534,0.1051,1.0,0.1901
373,citrus.csv,DuplicatedAll,0.2,name,DummyClassifier,0.514,0.5,1.0,0.514,0.679
374,citrus.csv,DuplicatedAll,0.4,name,LogisticRegression,1.0,0.5015,1.0,1.0,1.0
375,citrus.csv,DuplicatedAll,0.4,name,RandomForestClassifier,1.0,0.5026,1.0,1.0,1.0
376,citrus.csv,DuplicatedAll,0.4,name,KNeighborsClassifier,1.0,0.5,1.0,1.0,1.0
377,citrus.csv,DuplicatedAll,0.4,name,GradientBoostingClassifier,1.0,0.5,1.0,1.0,1.0
378,citrus.csv,DuplicatedAll,0.4,name,ExtraTreesClassifier,1.0,0.5167,1.0,1.0,1.0
379,citrus.csv,DuplicatedAll,0.4,name,CatBoostClassifier,1.0,0.8633,1.0,1.0,1.0
380,citrus.csv,DuplicatedAll,0.4,name,AdaBoostClassifier,1.0,0.5,1.0,1.0,1.0
381,citrus.csv,DuplicatedAll,0.4,name,GaussianProcessClassifier,1.0,0.5055,1.0,1.0,1.0
382,citrus.csv,DuplicatedAll,0.4,name,DecisionTreeClassifier,1.0,0.5,1.0,1.0,1.0
383,citrus.csv,DuplicatedAll,0.4,name,MLPClassifier,1.0,0.5053,1.0,1.0,1.0
384,citrus.csv,DuplicatedAll,0.4,name,RidgeClassifier,1.0,,1.0,1.0,1.0
385,citrus.csv,DuplicatedAll,0.4,name,LinearDiscriminantAnalysis,1.0,0.5021,1.0,1.0,1.0
386,citrus.csv,DuplicatedAll,0.4,name,QuadraticDiscriminantAnalysis,1.0,0.4996,1.0,1.0,1.0
387,citrus.csv,DuplicatedAll,0.4,name,SGDClassifier,0.9985,,1.0,0.9971,0.9985
388,citrus.csv,DuplicatedAll,0.4,name,GaussianNB,0.947,0.4815,0.9504,0.9467,0.9485
389,citrus.csv,DuplicatedAll,0.4,name,SVC,0.542,0.3333,0.1089,1.0,0.1965
390,citrus.csv,DuplicatedAll,0.4,name,DummyClassifier,0.514,0.5,1.0,0.514,0.679
391,citrus.csv,DuplicatedAll,0.6,name,LogisticRegression,1.0,0.5024,1.0,1.0,1.0
392,citrus.csv,DuplicatedAll,0.6,name,RandomForestClassifier,1.0,0.4995,1.0,1.0,1.0
393,citrus.csv,DuplicatedAll,0.6,name,KNeighborsClassifier,1.0,0.5,1.0,1.0,1.0
394,citrus.csv,DuplicatedAll,0.6,name,GradientBoostingClassifier,1.0,0.5,1.0,1.0,1.0
395,citrus.csv,DuplicatedAll,0.6,name,ExtraTreesClassifier,1.0,0.5132,1.0,1.0,1.0
396,citrus.csv,DuplicatedAll,0.6,name,CatBoostClassifier,1.0,0.54,1.0,1.0,1.0
397,citrus.csv,DuplicatedAll,0.6,name,AdaBoostClassifier,1.0,0.5,1.0,1.0,1.0
398,citrus.csv,DuplicatedAll,0.6,name,MLPClassifier,1.0,0.533,1.0,1.0,1.0
399,citrus.csv,DuplicatedAll,0.6,name,DecisionTreeClassifier,1.0,0.5,1.0,1.0,1.0
400,citrus.csv,DuplicatedAll,0.6,name,GaussianProcessClassifier,1.0,0.5045,1.0,1.0,1.0
401,citrus.csv,DuplicatedAll,0.6,name,SGDClassifier,1.0,,1.0,1.0,1.0
402,citrus.csv,DuplicatedAll,0.6,name,RidgeClassifier,1.0,,1.0,1.0,1.0
403,citrus.csv,DuplicatedAll,0.6,name,LinearDiscriminantAnalysis,1.0,0.5016,1.0,1.0,1.0
404,citrus.csv,DuplicatedAll,0.6,name,QuadraticDiscriminantAnalysis,1.0,0.4986,1.0,1.0,1.0
405,citrus.csv,DuplicatedAll,0.6,name,GaussianNB,0.947,0.4869,0.9514,0.9458,0.9486
406,citrus.csv,DuplicatedAll,0.6,name,SVC,0.5165,0.3017,0.0593,1.0,0.112
407,citrus.csv,DuplicatedAll,0.6,name,DummyClassifier,0.514,0.5,1.0,0.514,0.679
408,citrus.csv,DuplicatedAll,0.8,name,LogisticRegression,1.0,0.5024,1.0,1.0,1.0
409,citrus.csv,DuplicatedAll,0.8,name,RandomForestClassifier,1.0,0.5045,1.0,1.0,1.0
410,citrus.csv,DuplicatedAll,0.8,name,KNeighborsClassifier,1.0,0.5,1.0,1.0,1.0
411,citrus.csv,DuplicatedAll,0.8,name,GradientBoostingClassifier,1.0,0.5,1.0,1.0,1.0
412,citrus.csv,DuplicatedAll,0.8,name,ExtraTreesClassifier,1.0,0.4989,1.0,1.0,1.0
413,citrus.csv,DuplicatedAll,0.8,name,CatBoostClassifier,1.0,0.8744,1.0,1.0,1.0
414,citrus.csv,DuplicatedAll,0.8,name,AdaBoostClassifier,1.0,0.5,1.0,1.0,1.0
415,citrus.csv,DuplicatedAll,0.8,name,GaussianProcessClassifier,1.0,0.504,1.0,1.0,1.0
416,citrus.csv,DuplicatedAll,0.8,name,DecisionTreeClassifier,1.0,0.5,1.0,1.0,1.0
417,citrus.csv,DuplicatedAll,0.8,name,MLPClassifier,1.0,0.5043,1.0,1.0,1.0
418,citrus.csv,DuplicatedAll,0.8,name,SGDClassifier,0.9995,,0.999,1.0,0.9995
419,citrus.csv,DuplicatedAll,0.8,name,RidgeClassifier,1.0,,1.0,1.0,1.0
420,citrus.csv,DuplicatedAll,0.8,name,LinearDiscriminantAnalysis,1.0,0.5016,1.0,1.0,1.0
421,citrus.csv,DuplicatedAll,0.8,name,QuadraticDiscriminantAnalysis,1.0,0.4981,1.0,1.0,1.0
422,citrus.csv,DuplicatedAll,0.8,name,GaussianNB,0.9465,0.4891,0.9523,0.9441,0.9482
423,citrus.csv,DuplicatedAll,0.8,name,SVC,0.539,0.3172,0.1031,1.0,0.1869
424,citrus.csv,DuplicatedAll,0.8,name,DummyClassifier,0.514,0.5,1.0,0.514,0.679
425,citrus.csv,Labels,0.2,name,RidgeClassifier,1.0,,1.0,1.0,1.0
426,citrus.csv,Labels,0.2,name,LogisticRegression,1.0,0.3455,1.0,1.0,1.0
427,citrus.csv,Labels,0.2,name,LinearDiscriminantAnalysis,1.0,0.3671,1.0,1.0,1.0
428,citrus.csv,Labels,0.2,name,AdaBoostClassifier,0.9965,0.1858,0.9981,0.9952,0.9966
429,citrus.csv,Labels,0.2,name,GradientBoostingClassifier,0.996,0.1869,0.9981,0.9942,0.9961
430,citrus.csv,Labels,0.2,name,QuadraticDiscriminantAnalysis,0.9975,0.3903,0.9961,0.999,0.9976
431,citrus.csv,Labels,0.2,name,CatBoostClassifier,0.997,0.3099,0.9971,0.9971,0.9971
432,citrus.csv,Labels,0.2,name,RandomForestClassifier,0.9715,0.4165,0.9611,0.9831,0.972
433,citrus.csv,Labels,0.2,name,ExtraTreesClassifier,0.96,0.4176,0.9455,0.9759,0.9605
434,citrus.csv,Labels,0.2,name,KNeighborsClassifier,0.9445,0.4229,0.9261,0.9645,0.9449
435,citrus.csv,Labels,0.2,name,GaussianNB,0.943,0.4529,0.9484,0.9411,0.9448
436,citrus.csv,Labels,0.2,name,GaussianProcessClassifier,0.7985,0.5075,0.7695,0.8265,0.797
437,citrus.csv,Labels,0.2,name,DecisionTreeClassifier,0.7695,0.5,0.7607,0.7844,0.7723
438,citrus.csv,Labels,0.2,name,MLPClassifier,0.826,0.0,0.6615,1.0,0.7963
439,citrus.csv,Labels,0.2,name,SGDClassifier,0.862,,1.0,0.7883,0.8816
440,citrus.csv,Labels,0.2,name,SVC,0.497,0.4179,0.0253,0.8667,0.0491
441,citrus.csv,Labels,0.2,name,DummyClassifier,0.486,0.5,0.0,0.0,0.0
442,citrus.csv,Labels,0.4,name,GradientBoostingClassifier,0.954,0.3181,0.9494,0.9606,0.955
443,citrus.csv,Labels,0.4,name,RidgeClassifier,0.996,,0.9922,1.0,0.9961
444,citrus.csv,Labels,0.4,name,LogisticRegression,0.996,0.3035,0.9922,1.0,0.9961
445,citrus.csv,Labels,0.4,name,AdaBoostClassifier,0.966,0.3391,0.965,0.9688,0.9669
446,citrus.csv,Labels,0.4,name,LinearDiscriminantAnalysis,0.995,0.3087,0.9903,1.0,0.9951
447,citrus.csv,Labels,0.4,name,QuadraticDiscriminantAnalysis,0.9985,0.5173,0.9981,0.999,0.9985
448,citrus.csv,Labels,0.4,name,CatBoostClassifier,0.927,0.3766,0.9134,0.9428,0.9279
449,citrus.csv,Labels,0.4,name,GaussianNB,0.9415,0.4664,0.9601,0.9285,0.944
450,citrus.csv,Labels,0.4,name,KNeighborsClassifier,0.682,0.455,0.6469,0.709,0.6765
451,citrus.csv,Labels,0.4,name,ExtraTreesClassifier,0.707,0.4858,0.6751,0.7336,0.7031
452,citrus.csv,Labels,0.4,name,RandomForestClassifier,0.716,0.4826,0.6887,0.7406,0.7137
453,citrus.csv,Labels,0.4,name,DecisionTreeClassifier,0.5735,0.5,0.5496,0.5916,0.5698
454,citrus.csv,Labels,0.4,name,SGDClassifier,0.5435,,0.1119,1.0,0.2012
455,citrus.csv,Labels,0.4,name,GaussianProcessClassifier,0.588,0.505,0.572,0.6049,0.588
456,citrus.csv,Labels,0.4,name,SVC,0.493,0.5017,0.0233,0.7059,0.0452
457,citrus.csv,Labels,0.4,name,DummyClassifier,0.486,0.5,0.0,0.0,0.0
458,citrus.csv,Labels,0.4,name,MLPClassifier,0.5095,0.0383,0.9912,0.5118,0.6751
459,citrus.csv,Labels,0.6,name,LinearDiscriminantAnalysis,0.0,0.523,0.0,0.0,0.0
460,citrus.csv,Labels,0.6,name,RidgeClassifier,0.0,,0.0,0.0,0.0
461,citrus.csv,Labels,0.6,name,LogisticRegression,0.0,0.5268,0.0,0.0,0.0
462,citrus.csv,Labels,0.6,name,AdaBoostClassifier,0.015,0.6284,0.0146,0.0154,0.015
463,citrus.csv,Labels,0.6,name,QuadraticDiscriminantAnalysis,0.022,0.3689,0.0418,0.0424,0.0421
464,citrus.csv,Labels,0.6,name,GaussianNB,0.0565,0.5024,0.0379,0.0416,0.0397
465,citrus.csv,Labels,0.6,name,GradientBoostingClassifier,0.029,0.5676,0.0156,0.0169,0.0162
466,citrus.csv,Labels,0.6,name,CatBoostClassifier,0.0795,0.5414,0.0623,0.068,0.065
467,citrus.csv,Labels,0.6,name,RandomForestClassifier,0.275,0.5191,0.2656,0.282,0.2735
468,citrus.csv,Labels,0.6,name,ExtraTreesClassifier,0.28,0.5138,0.286,0.294,0.2899
469,citrus.csv,Labels,0.6,name,KNeighborsClassifier,0.313,0.5097,0.2986,0.3198,0.3089
470,citrus.csv,Labels,0.6,name,MLPClassifier,0.498,0.0022,0.9689,0.5061,0.6649
471,citrus.csv,Labels,0.6,name,GaussianProcessClassifier,0.394,0.5041,0.394,0.4074,0.4006
472,citrus.csv,Labels,0.6,name,SGDClassifier,0.461,,0.8969,0.4868,0.6311
473,citrus.csv,Labels,0.6,name,DecisionTreeClassifier,0.409,0.5,0.3998,0.4211,0.4102
474,citrus.csv,Labels,0.6,name,SVC,0.4885,0.5,0.0282,0.5472,0.0537
475,citrus.csv,Labels,0.6,name,DummyClassifier,0.486,0.5,0.0,0.0,0.0
476,citrus.csv,Labels,0.8,name,RidgeClassifier,0.0,,0.0,0.0,0.0
477,citrus.csv,Labels,0.8,name,LinearDiscriminantAnalysis,0.0,0.4731,0.0,0.0,0.0
478,citrus.csv,Labels,0.8,name,LogisticRegression,0.0,0.4776,0.0,0.0,0.0
479,citrus.csv,Labels,0.8,name,GradientBoostingClassifier,0.005,0.5755,0.0078,0.0082,0.008
480,citrus.csv,Labels,0.8,name,CatBoostClassifier,0.005,0.5547,0.0078,0.0082,0.008
481,citrus.csv,Labels,0.8,name,AdaBoostClassifier,0.0025,0.5782,0.0039,0.0041,0.004
482,citrus.csv,Labels,0.8,name,QuadraticDiscriminantAnalysis,0.0055,0.4678,0.0097,0.0102,0.01
483,citrus.csv,Labels,0.8,name,RandomForestClassifier,0.025,0.5345,0.0311,0.0325,0.0318
484,citrus.csv,Labels,0.8,name,ExtraTreesClassifier,0.0385,0.5193,0.0409,0.0429,0.0419
485,citrus.csv,Labels,0.8,name,GaussianNB,0.056,0.4912,0.0409,0.0445,0.0426
486,citrus.csv,Labels,0.8,name,KNeighborsClassifier,0.0565,0.5272,0.0506,0.054,0.0522
487,citrus.csv,Labels,0.8,name,GaussianProcessClassifier,0.1985,0.504,0.1907,0.2027,0.1965
488,citrus.csv,Labels,0.8,name,MLPClassifier,0.0155,0.0398,0.0292,0.03,0.0296
489,citrus.csv,Labels,0.8,name,DecisionTreeClassifier,0.234,0.5,0.2247,0.2391,0.2317
490,citrus.csv,Labels,0.8,name,SGDClassifier,0.1225,,0.2383,0.2013,0.2183
491,citrus.csv,Labels,0.8,name,SVC,0.4595,0.5148,0.8774,0.4857,0.6253
492,citrus.csv,Labels,0.8,name,DummyClassifier,0.486,0.5,0.0,0.0,0.0
493,citrus.csv,Outlier,0.2,diameter,LogisticRegression,1.0,0.5027,1.0,1.0,1.0
494,citrus.csv,Outlier,0.2,diameter,ExtraTreesClassifier,1.0,0.4981,1.0,1.0,1.0
495,citrus.csv,Outlier,0.2,diameter,KNeighborsClassifier,1.0,0.5,1.0,1.0,1.0
496,citrus.csv,Outlier,0.2,diameter,CatBoostClassifier,1.0,0.3592,1.0,1.0,1.0
497,citrus.csv,Outlier,0.2,diameter,RandomForestClassifier,1.0,0.5036,1.0,1.0,1.0
498,citrus.csv,Outlier,0.2,diameter,GaussianProcessClassifier,1.0,0.5037,1.0,1.0,1.0
499,citrus.csv,Outlier,0.2,diameter,DecisionTreeClassifier,1.0,0.5,1.0,1.0,1.0
500,citrus.csv,Outlier,0.2,diameter,MLPClassifier,1.0,0.517,1.0,1.0,1.0
501,citrus.csv,Outlier,0.2,diameter,AdaBoostClassifier,1.0,0.5,1.0,1.0,1.0
502,citrus.csv,Outlier,0.2,diameter,GradientBoostingClassifier,1.0,0.5,1.0,1.0,1.0
503,citrus.csv,Outlier,0.2,diameter,SGDClassifier,1.0,,1.0,1.0,1.0
504,citrus.csv,Outlier,0.2,diameter,RidgeClassifier,1.0,,1.0,1.0,1.0
505,citrus.csv,Outlier,0.2,diameter,QuadraticDiscriminantAnalysis,1.0,0.5179,1.0,1.0,1.0
506,citrus.csv,Outlier,0.2,diameter,LinearDiscriminantAnalysis,1.0,0.4971,1.0,1.0,1.0
507,citrus.csv,Outlier,0.2,diameter,GaussianNB,0.962,0.4703,0.9679,0.9586,0.9632
508,citrus.csv,Outlier,0.2,diameter,SVC,0.509,0.3588,0.0447,1.0,0.0857
509,citrus.csv,Outlier,0.2,diameter,DummyClassifier,0.486,0.5,0.0,0.0,0.0
510,citrus.csv,Outlier,0.4,diameter,LogisticRegression,1.0,0.5106,1.0,1.0,1.0
511,citrus.csv,Outlier,0.4,diameter,GaussianProcessClassifier,1.0,0.5013,1.0,1.0,1.0
512,citrus.csv,Outlier,0.4,diameter,MLPClassifier,1.0,0.5148,1.0,1.0,1.0
513,citrus.csv,Outlier,0.4,diameter,RandomForestClassifier,1.0,0.5106,1.0,1.0,1.0
514,citrus.csv,Outlier,0.4,diameter,ExtraTreesClassifier,0.9995,0.4981,1.0,0.999,0.9995
515,citrus.csv,Outlier,0.4,diameter,KNeighborsClassifier,1.0,0.5,1.0,1.0,1.0
516,citrus.csv,Outlier,0.4,diameter,AdaBoostClassifier,1.0,0.5,1.0,1.0,1.0
517,citrus.csv,Outlier,0.4,diameter,GradientBoostingClassifier,1.0,0.5,1.0,1.0,1.0
518,citrus.csv,Outlier,0.4,diameter,DecisionTreeClassifier,1.0,0.5,1.0,1.0,1.0
519,citrus.csv,Outlier,0.4,diameter,CatBoostClassifier,1.0,0.3397,1.0,1.0,1.0
520,citrus.csv,Outlier,0.4,diameter,RidgeClassifier,1.0,,1.0,1.0,1.0
521,citrus.csv,Outlier,0.4,diameter,QuadraticDiscriminantAnalysis,1.0,0.5179,1.0,1.0,1.0
522,citrus.csv,Outlier,0.4,diameter,LinearDiscriminantAnalysis,1.0,0.4971,1.0,1.0,1.0
523,citrus.csv,Outlier,0.4,diameter,SGDClassifier,0.9985,,1.0,0.9971,0.9985
524,citrus.csv,Outlier,0.4,diameter,GaussianNB,0.963,0.4714,0.9698,0.9587,0.9642
525,citrus.csv,Outlier,0.4,diameter,SVC,0.5015,0.3766,0.0302,1.0,0.0585
526,citrus.csv,Outlier,0.4,diameter,DummyClassifier,0.486,0.5,0.0,0.0,0.0
527,citrus.csv,Outlier,0.6,diameter,LogisticRegression,1.0,0.5087,1.0,1.0,1.0
528,citrus.csv,Outlier,0.6,diameter,RandomForestClassifier,1.0,0.4971,1.0,1.0,1.0
529,citrus.csv,Outlier,0.6,diameter,KNeighborsClassifier,1.0,0.5,1.0,1.0,1.0
530,citrus.csv,Outlier,0.6,diameter,ExtraTreesClassifier,1.0,0.4996,1.0,1.0,1.0
531,citrus.csv,Outlier,0.6,diameter,CatBoostClassifier,1.0,0.3527,1.0,1.0,1.0
532,citrus.csv,Outlier,0.6,diameter,MLPClassifier,1.0,0.5327,1.0,1.0,1.0
533,citrus.csv,Outlier,0.6,diameter,GaussianProcessClassifier,1.0,0.5013,1.0,1.0,1.0
534,citrus.csv,Outlier,0.6,diameter,DecisionTreeClassifier,1.0,0.5,1.0,1.0,1.0
535,citrus.csv,Outlier,0.6,diameter,AdaBoostClassifier,1.0,0.5,1.0,1.0,1.0
536,citrus.csv,Outlier,0.6,diameter,GradientBoostingClassifier,1.0,0.5,1.0,1.0,1.0
537,citrus.csv,Outlier,0.6,diameter,RidgeClassifier,1.0,,1.0,1.0,1.0
538,citrus.csv,Outlier,0.6,diameter,QuadraticDiscriminantAnalysis,1.0,0.5179,1.0,1.0,1.0
539,citrus.csv,Outlier,0.6,diameter,LinearDiscriminantAnalysis,1.0,0.4966,1.0,1.0,1.0
540,citrus.csv,Outlier,0.6,diameter,SGDClassifier,0.9975,,1.0,0.9952,0.9976
541,citrus.csv,Outlier,0.6,diameter,GaussianNB,0.9635,0.4722,0.9698,0.9596,0.9647
542,citrus.csv,Outlier,0.6,diameter,SVC,0.4985,0.4046,0.0243,1.0,0.0475
543,citrus.csv,Outlier,0.6,diameter,DummyClassifier,0.486,0.5,0.0,0.0,0.0
544,citrus.csv,Outlier,0.8,diameter,LogisticRegression,1.0,0.5037,1.0,1.0,1.0
545,citrus.csv,Outlier,0.8,diameter,RandomForestClassifier,1.0,0.5084,1.0,1.0,1.0
546,citrus.csv,Outlier,0.8,diameter,KNeighborsClassifier,1.0,0.5,1.0,1.0,1.0
547,citrus.csv,Outlier,0.8,diameter,CatBoostClassifier,1.0,0.3575,1.0,1.0,1.0
548,citrus.csv,Outlier,0.8,diameter,MLPClassifier,1.0,0.5247,1.0,1.0,1.0
549,citrus.csv,Outlier,0.8,diameter,GaussianProcessClassifier,1.0,0.5,1.0,1.0,1.0
550,citrus.csv,Outlier,0.8,diameter,DecisionTreeClassifier,1.0,0.5,1.0,1.0,1.0
551,citrus.csv,Outlier,0.8,diameter,AdaBoostClassifier,1.0,0.5,1.0,1.0,1.0
552,citrus.csv,Outlier,0.8,diameter,ExtraTreesClassifier,1.0,0.4788,1.0,1.0,1.0
553,citrus.csv,Outlier,0.8,diameter,GradientBoostingClassifier,1.0,0.5,1.0,1.0,1.0
554,citrus.csv,Outlier,0.8,diameter,RidgeClassifier,1.0,,1.0,1.0,1.0
555,citrus.csv,Outlier,0.8,diameter,QuadraticDiscriminantAnalysis,1.0,0.5179,1.0,1.0,1.0
556,citrus.csv,Outlier,0.8,diameter,LinearDiscriminantAnalysis,1.0,0.4966,1.0,1.0,1.0
557,citrus.csv,Outlier,0.8,diameter,SGDClassifier,0.997,,1.0,0.9942,0.9971
558,citrus.csv,Outlier,0.8,diameter,GaussianNB,0.964,0.4736,0.9698,0.9605,0.9652
559,citrus.csv,Outlier,0.8,diameter,SVC,0.4915,0.4196,0.0107,1.0,0.0212
560,citrus.csv,Outlier,0.8,diameter,DummyClassifier,0.486,0.5,0.0,0.0,0.0
561,citrus.csv,Outlier,0.2,weight,RandomForestClassifier,1.0,0.5033,1.0,1.0,1.0
562,citrus.csv,Outlier,0.2,weight,GradientBoostingClassifier,1.0,0.5,1.0,1.0,1.0
563,citrus.csv,Outlier,0.2,weight,LogisticRegression,1.0,0.5036,1.0,1.0,1.0
564,citrus.csv,Outlier,0.2,weight,CatBoostClassifier,1.0,0.4516,1.0,1.0,1.0
565,citrus.csv,Outlier,0.2,weight,AdaBoostClassifier,1.0,0.5,1.0,1.0,1.0
566,citrus.csv,Outlier,0.2,weight,DecisionTreeClassifier,1.0,0.5,1.0,1.0,1.0
567,citrus.csv,Outlier,0.2,weight,KNeighborsClassifier,1.0,0.5,1.0,1.0,1.0
568,citrus.csv,Outlier,0.2,weight,ExtraTreesClassifier,0.9995,0.5001,1.0,0.999,0.9995
569,citrus.csv,Outlier,0.2,weight,GaussianProcessClassifier,1.0,0.5,1.0,1.0,1.0
570,citrus.csv,Outlier,0.2,weight,MLPClassifier,0.994,0.5009,0.9961,0.9922,0.9942
571,citrus.csv,Outlier,0.2,weight,RidgeClassifier,0.989,,0.9903,0.9883,0.9893
572,citrus.csv,Outlier,0.2,weight,LinearDiscriminantAnalysis,0.989,0.4856,0.9903,0.9883,0.9893
573,citrus.csv,Outlier,0.2,weight,QuadraticDiscriminantAnalysis,0.9845,0.4704,0.9854,0.9845,0.9849
574,citrus.csv,Outlier,0.2,weight,GaussianNB,0.9835,0.4631,0.9835,0.9844,0.9839
575,citrus.csv,Outlier,0.2,weight,SGDClassifier,0.9255,,0.8551,1.0,0.9219
576,citrus.csv,Outlier,0.2,weight,SVC,0.492,0.4885,0.0117,1.0,0.0231
577,citrus.csv,Outlier,0.2,weight,DummyClassifier,0.486,0.5,0.0,0.0,0.0
578,citrus.csv,Outlier,0.4,weight,RandomForestClassifier,1.0,0.4972,1.0,1.0,1.0
579,citrus.csv,Outlier,0.4,weight,LogisticRegression,1.0,0.5031,1.0,1.0,1.0
580,citrus.csv,Outlier,0.4,weight,KNeighborsClassifier,1.0,0.5,1.0,1.0,1.0
581,citrus.csv,Outlier,0.4,weight,DecisionTreeClassifier,1.0,0.5,1.0,1.0,1.0
582,citrus.csv,Outlier,0.4,weight,AdaBoostClassifier,1.0,0.5,1.0,1.0,1.0
583,citrus.csv,Outlier,0.4,weight,GradientBoostingClassifier,1.0,0.5,1.0,1.0,1.0
584,citrus.csv,Outlier,0.4,weight,CatBoostClassifier,1.0,0.4555,1.0,1.0,1.0
585,citrus.csv,Outlier,0.4,weight,GaussianProcessClassifier,1.0,0.5,1.0,1.0,1.0
586,citrus.csv,Outlier,0.4,weight,ExtraTreesClassifier,0.999,0.5023,0.999,0.999,0.999
587,citrus.csv,Outlier,0.4,weight,MLPClassifier,0.9925,0.5065,0.9942,0.9913,0.9927
588,citrus.csv,Outlier,0.4,weight,RidgeClassifier,0.989,,0.9903,0.9883,0.9893
589,citrus.csv,Outlier,0.4,weight,LinearDiscriminantAnalysis,0.989,0.4847,0.9903,0.9883,0.9893
590,citrus.csv,Outlier,0.4,weight,GaussianNB,0.983,0.4629,0.9835,0.9835,0.9835
591,citrus.csv,Outlier,0.4,weight,QuadraticDiscriminantAnalysis,0.984,0.4746,0.9854,0.9835,0.9845
592,citrus.csv,Outlier,0.4,weight,SGDClassifier,0.987,,0.999,0.9762,0.9875
593,citrus.csv,Outlier,0.4,weight,SVC,0.492,0.4977,0.0117,1.0,0.0231
594,citrus.csv,Outlier,0.4,weight,DummyClassifier,0.486,0.5,0.0,0.0,0.0
595,citrus.csv,Outlier,0.6,weight,RandomForestClassifier,1.0,0.4988,1.0,1.0,1.0
596,citrus.csv,Outlier,0.6,weight,LogisticRegression,1.0,0.5036,1.0,1.0,1.0
597,citrus.csv,Outlier,0.6,weight,KNeighborsClassifier,1.0,0.5,1.0,1.0,1.0
598,citrus.csv,Outlier,0.6,weight,DecisionTreeClassifier,1.0,0.5,1.0,1.0,1.0
599,citrus.csv,Outlier,0.6,weight,AdaBoostClassifier,1.0,0.5,1.0,1.0,1.0
600,citrus.csv,Outlier,0.6,weight,GradientBoostingClassifier,1.0,0.5,1.0,1.0,1.0
601,citrus.csv,Outlier,0.6,weight,CatBoostClassifier,1.0,0.4427,1.0,1.0,1.0
602,citrus.csv,Outlier,0.6,weight,GaussianProcessClassifier,1.0,0.5,1.0,1.0,1.0
603,citrus.csv,Outlier,0.6,weight,ExtraTreesClassifier,0.999,0.4865,0.999,0.999,0.999
604,citrus.csv,Outlier,0.6,weight,MLPClassifier,0.993,0.5169,0.9961,0.9903,0.9932
605,citrus.csv,Outlier,0.6,weight,RidgeClassifier,0.989,,0.9903,0.9883,0.9893
606,citrus.csv,Outlier,0.6,weight,LinearDiscriminantAnalysis,0.989,0.4853,0.9903,0.9883,0.9893
607,citrus.csv,Outlier,0.6,weight,QuadraticDiscriminantAnalysis,0.984,0.4728,0.9854,0.9835,0.9845
608,citrus.csv,Outlier,0.6,weight,GaussianNB,0.9835,0.4637,0.9844,0.9835,0.984
609,citrus.csv,Outlier,0.6,weight,SGDClassifier,0.951,,0.9047,1.0,0.9499
610,citrus.csv,Outlier,0.6,weight,SVC,0.492,0.4978,0.0117,1.0,0.0231
611,citrus.csv,Outlier,0.6,weight,DummyClassifier,0.486,0.5,0.0,0.0,0.0
612,citrus.csv,Outlier,0.8,weight,LogisticRegression,1.0,0.5036,1.0,1.0,1.0
613,citrus.csv,Outlier,0.8,weight,RandomForestClassifier,1.0,0.5031,1.0,1.0,1.0
614,citrus.csv,Outlier,0.8,weight,KNeighborsClassifier,1.0,0.5,1.0,1.0,1.0
615,citrus.csv,Outlier,0.8,weight,DecisionTreeClassifier,1.0,0.5,1.0,1.0,1.0
616,citrus.csv,Outlier,0.8,weight,AdaBoostClassifier,1.0,0.5,1.0,1.0,1.0
617,citrus.csv,Outlier,0.8,weight,GradientBoostingClassifier,1.0,0.5,1.0,1.0,1.0
618,citrus.csv,Outlier,0.8,weight,CatBoostClassifier,1.0,0.4512,1.0,1.0,1.0
619,citrus.csv,Outlier,0.8,weight,GaussianProcessClassifier,1.0,0.5,1.0,1.0,1.0
620,citrus.csv,Outlier,0.8,weight,ExtraTreesClassifier,0.998,0.5065,0.9981,0.9981,0.9981
621,citrus.csv,Outlier,0.8,weight,RidgeClassifier,0.9885,,0.9796,0.998,0.9887
622,citrus.csv,Outlier,0.8,weight,LinearDiscriminantAnalysis,0.986,0.4613,0.9737,0.999,0.9862
623,citrus.csv,Outlier,0.8,weight,GaussianNB,0.9835,0.4627,0.9844,0.9835,0.984
624,citrus.csv,Outlier,0.8,weight,QuadraticDiscriminantAnalysis,0.9825,0.4774,0.9669,0.999,0.9827
625,citrus.csv,Outlier,0.8,weight,MLPClassifier,0.979,0.5849,0.999,0.9616,0.98
626,citrus.csv,Outlier,0.8,weight,SGDClassifier,0.9895,,0.9844,0.9951,0.9897
627,citrus.csv,Outlier,0.8,weight,SVC,0.4915,0.4991,0.0107,1.0,0.0212
628,citrus.csv,Outlier,0.8,weight,DummyClassifier,0.486,0.5,0.0,0.0,0.0
629,citrus.csv,Outlier,0.2,red,LogisticRegression,1.0,0.4998,1.0,1.0,1.0
630,citrus.csv,Outlier,0.2,red,RandomForestClassifier,1.0,0.4951,1.0,1.0,1.0
631,citrus.csv,Outlier,0.2,red,CatBoostClassifier,1.0,0.8571,1.0,1.0,1.0
632,citrus.csv,Outlier,0.2,red,ExtraTreesClassifier,1.0,0.5084,1.0,1.0,1.0
633,citrus.csv,Outlier,0.2,red,SGDClassifier,1.0,,1.0,1.0,1.0
634,citrus.csv,Outlier,0.2,red,DecisionTreeClassifier,1.0,0.5,1.0,1.0,1.0
635,citrus.csv,Outlier,0.2,red,MLPClassifier,1.0,0.5531,1.0,1.0,1.0
636,citrus.csv,Outlier,0.2,red,AdaBoostClassifier,1.0,0.5,1.0,1.0,1.0
637,citrus.csv,Outlier,0.2,red,GradientBoostingClassifier,1.0,0.5,1.0,1.0,1.0
638,citrus.csv,Outlier,0.2,red,KNeighborsClassifier,1.0,0.5,1.0,1.0,1.0
639,citrus.csv,Outlier,0.2,red,RidgeClassifier,1.0,,1.0,1.0,1.0
640,citrus.csv,Outlier,0.2,red,LinearDiscriminantAnalysis,1.0,0.5016,1.0,1.0,1.0
641,citrus.csv,Outlier,0.2,red,QuadraticDiscriminantAnalysis,1.0,0.5021,1.0,1.0,1.0
642,citrus.csv,Outlier,0.2,red,GaussianProcessClassifier,1.0,0.5037,1.0,1.0,1.0
643,citrus.csv,Outlier,0.2,red,GaussianNB,0.9445,0.4789,0.9455,0.9464,0.946
644,citrus.csv,Outlier,0.2,red,SVC,0.5085,0.3564,0.0438,1.0,0.0839
645,citrus.csv,Outlier,0.2,red,DummyClassifier,0.486,0.5,0.0,0.0,0.0
646,citrus.csv,Outlier,0.4,red,LogisticRegression,1.0,0.4999,1.0,1.0,1.0
647,citrus.csv,Outlier,0.4,red,RandomForestClassifier,1.0,0.5075,1.0,1.0,1.0
648,citrus.csv,Outlier,0.4,red,CatBoostClassifier,1.0,0.8484,1.0,1.0,1.0
649,citrus.csv,Outlier,0.4,red,ExtraTreesClassifier,1.0,0.5147,1.0,1.0,1.0
650,citrus.csv,Outlier,0.4,red,DecisionTreeClassifier,1.0,0.5,1.0,1.0,1.0
651,citrus.csv,Outlier,0.4,red,MLPClassifier,1.0,0.5351,1.0,1.0,1.0
652,citrus.csv,Outlier,0.4,red,AdaBoostClassifier,1.0,0.5,1.0,1.0,1.0
653,citrus.csv,Outlier,0.4,red,GradientBoostingClassifier,1.0,0.5,1.0,1.0,1.0
654,citrus.csv,Outlier,0.4,red,KNeighborsClassifier,1.0,0.5,1.0,1.0,1.0
655,citrus.csv,Outlier,0.4,red,LinearDiscriminantAnalysis,1.0,0.5021,1.0,1.0,1.0
656,citrus.csv,Outlier,0.4,red,RidgeClassifier,1.0,,1.0,1.0,1.0
657,citrus.csv,Outlier,0.4,red,QuadraticDiscriminantAnalysis,1.0,0.5021,1.0,1.0,1.0
658,citrus.csv,Outlier,0.4,red,SGDClassifier,0.9995,,1.0,0.999,0.9995
659,citrus.csv,Outlier,0.4,red,GaussianNB,0.945,0.4813,0.9465,0.9465,0.9465
660,citrus.csv,Outlier,0.4,red,GaussianProcessClassifier,1.0,0.5013,1.0,1.0,1.0
661,citrus.csv,Outlier,0.4,red,SVC,0.5025,0.3744,0.0321,1.0,0.0622
662,citrus.csv,Outlier,0.4,red,DummyClassifier,0.486,0.5,0.0,0.0,0.0
663,citrus.csv,Outlier,0.6,red,LogisticRegression,1.0,0.4989,1.0,1.0,1.0
664,citrus.csv,Outlier,0.6,red,RandomForestClassifier,1.0,0.5093,1.0,1.0,1.0
665,citrus.csv,Outlier,0.6,red,CatBoostClassifier,1.0,0.8168,1.0,1.0,1.0
666,citrus.csv,Outlier,0.6,red,ExtraTreesClassifier,1.0,0.5169,1.0,1.0,1.0
667,citrus.csv,Outlier,0.6,red,SGDClassifier,1.0,,1.0,1.0,1.0
668,citrus.csv,Outlier,0.6,red,DecisionTreeClassifier,1.0,0.5,1.0,1.0,1.0
669,citrus.csv,Outlier,0.6,red,MLPClassifier,1.0,0.509,1.0,1.0,1.0
670,citrus.csv,Outlier,0.6,red,AdaBoostClassifier,1.0,0.5,1.0,1.0,1.0
671,citrus.csv,Outlier,0.6,red,GradientBoostingClassifier,1.0,0.5,1.0,1.0,1.0
672,citrus.csv,Outlier,0.6,red,KNeighborsClassifier,1.0,0.5,1.0,1.0,1.0
673,citrus.csv,Outlier,0.6,red,RidgeClassifier,1.0,,1.0,1.0,1.0
674,citrus.csv,Outlier,0.6,red,LinearDiscriminantAnalysis,1.0,0.5016,1.0,1.0,1.0
675,citrus.csv,Outlier,0.6,red,QuadraticDiscriminantAnalysis,1.0,0.5021,1.0,1.0,1.0
676,citrus.csv,Outlier,0.6,red,GaussianNB,0.945,0.4812,0.9465,0.9465,0.9465
677,citrus.csv,Outlier,0.6,red,GaussianProcessClassifier,1.0,0.5013,1.0,1.0,1.0
678,citrus.csv,Outlier,0.6,red,SVC,0.498,0.4249,0.0233,1.0,0.0456
679,citrus.csv,Outlier,0.6,red,DummyClassifier,0.486,0.5,0.0,0.0,0.0
680,citrus.csv,Outlier,0.8,red,LogisticRegression,1.0,0.4983,1.0,1.0,1.0
681,citrus.csv,Outlier,0.8,red,RandomForestClassifier,1.0,0.5068,1.0,1.0,1.0
682,citrus.csv,Outlier,0.8,red,CatBoostClassifier,1.0,0.7598,1.0,1.0,1.0
683,citrus.csv,Outlier,0.8,red,ExtraTreesClassifier,1.0,0.5065,1.0,1.0,1.0
684,citrus.csv,Outlier,0.8,red,KNeighborsClassifier,1.0,0.5,1.0,1.0,1.0
685,citrus.csv,Outlier,0.8,red,SGDClassifier,1.0,,1.0,1.0,1.0
686,citrus.csv,Outlier,0.8,red,DecisionTreeClassifier,1.0,0.5,1.0,1.0,1.0
687,citrus.csv,Outlier,0.8,red,MLPClassifier,1.0,0.5407,1.0,1.0,1.0
688,citrus.csv,Outlier,0.8,red,AdaBoostClassifier,1.0,0.5,1.0,1.0,1.0
689,citrus.csv,Outlier,0.8,red,GradientBoostingClassifier,1.0,0.5,1.0,1.0,1.0
690,citrus.csv,Outlier,0.8,red,RidgeClassifier,1.0,,1.0,1.0,1.0
691,citrus.csv,Outlier,0.8,red,LinearDiscriminantAnalysis,1.0,0.5016,1.0,1.0,1.0
692,citrus.csv,Outlier,0.8,red,QuadraticDiscriminantAnalysis,1.0,0.5021,1.0,1.0,1.0
693,citrus.csv,Outlier,0.8,red,GaussianNB,0.945,0.4813,0.9465,0.9465,0.9465
694,citrus.csv,Outlier,0.8,red,GaussianProcessClassifier,0.9995,0.5,0.999,1.0,0.9995
695,citrus.csv,Outlier,0.8,red,SVC,0.4915,0.4555,0.0107,1.0,0.0212
696,citrus.csv,Outlier,0.8,red,DummyClassifier,0.486,0.5,0.0,0.0,0.0
697,citrus.csv,Outlier,0.2,green,LogisticRegression,1.0,0.4903,1.0,1.0,1.0
698,citrus.csv,Outlier,0.2,green,ExtraTreesClassifier,1.0,0.4997,1.0,1.0,1.0
699,citrus.csv,Outlier,0.2,green,SGDClassifier,1.0,,1.0,1.0,1.0
700,citrus.csv,Outlier,0.2,green,CatBoostClassifier,1.0,0.582,1.0,1.0,1.0
701,citrus.csv,Outlier,0.2,green,RandomForestClassifier,1.0,0.4944,1.0,1.0,1.0
702,citrus.csv,Outlier,0.2,green,MLPClassifier,1.0,0.5147,1.0,1.0,1.0
703,citrus.csv,Outlier,0.2,green,DecisionTreeClassifier,1.0,0.5,1.0,1.0,1.0
704,citrus.csv,Outlier,0.2,green,AdaBoostClassifier,1.0,0.5,1.0,1.0,1.0
705,citrus.csv,Outlier,0.2,green,GradientBoostingClassifier,1.0,0.5,1.0,1.0,1.0
706,citrus.csv,Outlier,0.2,green,KNeighborsClassifier,1.0,0.5,1.0,1.0,1.0
707,citrus.csv,Outlier,0.2,green,RidgeClassifier,1.0,,1.0,1.0,1.0
708,citrus.csv,Outlier,0.2,green,LinearDiscriminantAnalysis,1.0,0.5016,1.0,1.0,1.0
709,citrus.csv,Outlier,0.2,green,QuadraticDiscriminantAnalysis,1.0,0.5005,1.0,1.0,1.0
710,citrus.csv,Outlier,0.2,green,GaussianNB,0.937,0.4782,0.9387,0.9387,0.9387
711,citrus.csv,Outlier,0.2,green,GaussianProcessClassifier,0.9995,0.5,0.999,1.0,0.9995
712,citrus.csv,Outlier,0.2,green,SVC,0.4915,0.4588,0.0107,1.0,0.0212
713,citrus.csv,Outlier,0.2,green,DummyClassifier,0.486,0.5,0.0,0.0,0.0
714,citrus.csv,Outlier,0.4,green,LogisticRegression,1.0,0.4903,1.0,1.0,1.0
715,citrus.csv,Outlier,0.4,green,ExtraTreesClassifier,1.0,0.4827,1.0,1.0,1.0
716,citrus.csv,Outlier,0.4,green,SGDClassifier,1.0,,1.0,1.0,1.0
717,citrus.csv,Outlier,0.4,green,CatBoostClassifier,1.0,0.5665,1.0,1.0,1.0
718,citrus.csv,Outlier,0.4,green,RandomForestClassifier,1.0,0.4916,1.0,1.0,1.0
719,citrus.csv,Outlier,0.4,green,MLPClassifier,1.0,0.4967,1.0,1.0,1.0
720,citrus.csv,Outlier,0.4,green,DecisionTreeClassifier,1.0,0.5,1.0,1.0,1.0
721,citrus.csv,Outlier,0.4,green,AdaBoostClassifier,1.0,0.5,1.0,1.0,1.0
722,citrus.csv,Outlier,0.4,green,GradientBoostingClassifier,1.0,0.5,1.0,1.0,1.0
723,citrus.csv,Outlier,0.4,green,LinearDiscriminantAnalysis,1.0,0.5016,1.0,1.0,1.0
724,citrus.csv,Outlier,0.4,green,RidgeClassifier,1.0,,1.0,1.0,1.0
725,citrus.csv,Outlier,0.4,green,KNeighborsClassifier,1.0,0.5,1.0,1.0,1.0
726,citrus.csv,Outlier,0.4,green,QuadraticDiscriminantAnalysis,1.0,0.501,1.0,1.0,1.0
727,citrus.csv,Outlier,0.4,green,GaussianNB,0.9375,0.4817,0.9416,0.9371,0.9393
728,citrus.csv,Outlier,0.4,green,GaussianProcessClassifier,0.9995,0.5,0.999,1.0,0.9995
729,citrus.csv,Outlier,0.4,green,SVC,0.4915,0.4977,0.0107,1.0,0.0212
730,citrus.csv,Outlier,0.4,green,DummyClassifier,0.486,0.5,0.0,0.0,0.0
731,citrus.csv,Outlier,0.6,green,LogisticRegression,1.0,0.4908,1.0,1.0,1.0
732,citrus.csv,Outlier,0.6,green,ExtraTreesClassifier,1.0,0.5014,1.0,1.0,1.0
733,citrus.csv,Outlier,0.6,green,SGDClassifier,1.0,,1.0,1.0,1.0
734,citrus.csv,Outlier,0.6,green,CatBoostClassifier,1.0,0.5414,1.0,1.0,1.0
735,citrus.csv,Outlier,0.6,green,RandomForestClassifier,1.0,0.4855,1.0,1.0,1.0
736,citrus.csv,Outlier,0.6,green,MLPClassifier,1.0,0.4969,1.0,1.0,1.0
737,citrus.csv,Outlier,0.6,green,DecisionTreeClassifier,1.0,0.5,1.0,1.0,1.0
738,citrus.csv,Outlier,0.6,green,AdaBoostClassifier,1.0,0.5,1.0,1.0,1.0
739,citrus.csv,Outlier,0.6,green,GradientBoostingClassifier,1.0,0.5,1.0,1.0,1.0
740,citrus.csv,Outlier,0.6,green,LinearDiscriminantAnalysis,1.0,0.5016,1.0,1.0,1.0
741,citrus.csv,Outlier,0.6,green,RidgeClassifier,1.0,,1.0,1.0,1.0
742,citrus.csv,Outlier,0.6,green,KNeighborsClassifier,1.0,0.5,1.0,1.0,1.0
743,citrus.csv,Outlier,0.6,green,QuadraticDiscriminantAnalysis,1.0,0.501,1.0,1.0,1.0
744,citrus.csv,Outlier,0.6,green,GaussianNB,0.9375,0.4825,0.9416,0.9371,0.9393
745,citrus.csv,Outlier,0.6,green,GaussianProcessClassifier,0.9995,0.5,0.999,1.0,0.9995
746,citrus.csv,Outlier,0.6,green,SVC,0.4915,0.4982,0.0107,1.0,0.0212
747,citrus.csv,Outlier,0.6,green,DummyClassifier,0.486,0.5,0.0,0.0,0.0
748,citrus.csv,Outlier,0.8,green,LogisticRegression,1.0,0.4903,1.0,1.0,1.0
749,citrus.csv,Outlier,0.8,green,ExtraTreesClassifier,1.0,0.5031,1.0,1.0,1.0
750,citrus.csv,Outlier,0.8,green,SGDClassifier,1.0,,1.0,1.0,1.0
751,citrus.csv,Outlier,0.8,green,CatBoostClassifier,1.0,0.551,1.0,1.0,1.0
752,citrus.csv,Outlier,0.8,green,RandomForestClassifier,1.0,0.4838,1.0,1.0,1.0
753,citrus.csv,Outlier,0.8,green,MLPClassifier,1.0,0.4839,1.0,1.0,1.0
754,citrus.csv,Outlier,0.8,green,DecisionTreeClassifier,1.0,0.5,1.0,1.0,1.0
755,citrus.csv,Outlier,0.8,green,AdaBoostClassifier,1.0,0.5,1.0,1.0,1.0
756,citrus.csv,Outlier,0.8,green,GradientBoostingClassifier,1.0,0.5,1.0,1.0,1.0
757,citrus.csv,Outlier,0.8,green,KNeighborsClassifier,1.0,0.5,1.0,1.0,1.0
758,citrus.csv,Outlier,0.8,green,RidgeClassifier,1.0,,1.0,1.0,1.0
759,citrus.csv,Outlier,0.8,green,LinearDiscriminantAnalysis,1.0,0.5016,1.0,1.0,1.0
760,citrus.csv,Outlier,0.8,green,QuadraticDiscriminantAnalysis,1.0,0.501,1.0,1.0,1.0
761,citrus.csv,Outlier,0.8,green,GaussianNB,0.9375,0.4824,0.9416,0.9371,0.9393
762,citrus.csv,Outlier,0.8,green,GaussianProcessClassifier,0.9995,0.5,0.999,1.0,0.9995
763,citrus.csv,Outlier,0.8,green,SVC,0.4915,0.4962,0.0107,1.0,0.0212
764,citrus.csv,Outlier,0.8,green,DummyClassifier,0.486,0.5,0.0,0.0,0.0
765,citrus.csv,Outlier,0.2,blue,LogisticRegression,1.0,0.4888,1.0,1.0,1.0
766,citrus.csv,Outlier,0.2,blue,ExtraTreesClassifier,1.0,0.5001,1.0,1.0,1.0
767,citrus.csv,Outlier,0.2,blue,SGDClassifier,1.0,,1.0,1.0,1.0
768,citrus.csv,Outlier,0.2,blue,CatBoostClassifier,1.0,0.5316,1.0,1.0,1.0
769,citrus.csv,Outlier,0.2,blue,RandomForestClassifier,1.0,0.5005,1.0,1.0,1.0
770,citrus.csv,Outlier,0.2,blue,MLPClassifier,1.0,0.4811,1.0,1.0,1.0
771,citrus.csv,Outlier,0.2,blue,DecisionTreeClassifier,1.0,0.5,1.0,1.0,1.0
772,citrus.csv,Outlier,0.2,blue,AdaBoostClassifier,1.0,0.5,1.0,1.0,1.0
773,citrus.csv,Outlier,0.2,blue,GradientBoostingClassifier,1.0,0.5,1.0,1.0,1.0
774,citrus.csv,Outlier,0.2,blue,KNeighborsClassifier,1.0,0.5,1.0,1.0,1.0
775,citrus.csv,Outlier,0.2,blue,RidgeClassifier,1.0,,1.0,1.0,1.0
776,citrus.csv,Outlier,0.2,blue,LinearDiscriminantAnalysis,1.0,0.5026,1.0,1.0,1.0
777,citrus.csv,Outlier,0.2,blue,QuadraticDiscriminantAnalysis,0.9995,0.501,1.0,0.999,0.9995
778,citrus.csv,Outlier,0.2,blue,GaussianNB,0.9265,0.4936,0.93,0.9273,0.9286
779,citrus.csv,Outlier,0.2,blue,GaussianProcessClassifier,0.9995,0.5,0.999,1.0,0.9995
780,citrus.csv,Outlier,0.2,blue,SVC,0.4915,0.5007,0.0107,1.0,0.0212
781,citrus.csv,Outlier,0.2,blue,DummyClassifier,0.486,0.5,0.0,0.0,0.0
782,citrus.csv,Outlier,0.4,blue,LogisticRegression,1.0,0.4898,1.0,1.0,1.0
783,citrus.csv,Outlier,0.4,blue,ExtraTreesClassifier,1.0,0.4968,1.0,1.0,1.0
784,citrus.csv,Outlier,0.4,blue,SGDClassifier,1.0,,1.0,1.0,1.0
785,citrus.csv,Outlier,0.4,blue,CatBoostClassifier,1.0,0.5429,1.0,1.0,1.0
786,citrus.csv,Outlier,0.4,blue,RandomForestClassifier,1.0,0.5137,1.0,1.0,1.0
787,citrus.csv,Outlier,0.4,blue,MLPClassifier,1.0,0.4798,1.0,1.0,1.0
788,citrus.csv,Outlier,0.4,blue,DecisionTreeClassifier,1.0,0.5,1.0,1.0,1.0
789,citrus.csv,Outlier,0.4,blue,AdaBoostClassifier,1.0,0.5,1.0,1.0,1.0
790,citrus.csv,Outlier,0.4,blue,GradientBoostingClassifier,1.0,0.5,1.0,1.0,1.0
791,citrus.csv,Outlier,0.4,blue,LinearDiscriminantAnalysis,1.0,0.5026,1.0,1.0,1.0
792,citrus.csv,Outlier,0.4,blue,RidgeClassifier,1.0,,1.0,1.0,1.0
793,citrus.csv,Outlier,0.4,blue,KNeighborsClassifier,1.0,0.5,1.0,1.0,1.0
794,citrus.csv,Outlier,0.4,blue,QuadraticDiscriminantAnalysis,0.9995,0.501,1.0,0.999,0.9995
795,citrus.csv,Outlier,0.4,blue,GaussianNB,0.9235,0.4913,0.9261,0.9252,0.9256
796,citrus.csv,Outlier,0.4,blue,GaussianProcessClassifier,0.9995,0.5,0.999,1.0,0.9995
797,citrus.csv,Outlier,0.4,blue,SVC,0.4915,0.4988,0.0107,1.0,0.0212
798,citrus.csv,Outlier,0.4,blue,DummyClassifier,0.486,0.5,0.0,0.0,0.0
799,citrus.csv,Outlier,0.6,blue,LogisticRegression,1.0,0.4903,1.0,1.0,1.0
800,citrus.csv,Outlier,0.6,blue,ExtraTreesClassifier,1.0,0.5034,1.0,1.0,1.0
801,citrus.csv,Outlier,0.6,blue,SGDClassifier,1.0,,1.0,1.0,1.0
802,citrus.csv,Outlier,0.6,blue,CatBoostClassifier,1.0,0.5706,1.0,1.0,1.0
803,citrus.csv,Outlier,0.6,blue,RandomForestClassifier,1.0,0.5235,1.0,1.0,1.0
804,citrus.csv,Outlier,0.6,blue,MLPClassifier,1.0,0.4801,1.0,1.0,1.0
805,citrus.csv,Outlier,0.6,blue,DecisionTreeClassifier,1.0,0.5,1.0,1.0,1.0
806,citrus.csv,Outlier,0.6,blue,AdaBoostClassifier,1.0,0.5,1.0,1.0,1.0
807,citrus.csv,Outlier,0.6,blue,GradientBoostingClassifier,1.0,0.5,1.0,1.0,1.0
808,citrus.csv,Outlier,0.6,blue,LinearDiscriminantAnalysis,1.0,0.5026,1.0,1.0,1.0
809,citrus.csv,Outlier,0.6,blue,RidgeClassifier,1.0,,1.0,1.0,1.0
810,citrus.csv,Outlier,0.6,blue,KNeighborsClassifier,1.0,0.5,1.0,1.0,1.0
811,citrus.csv,Outlier,0.6,blue,QuadraticDiscriminantAnalysis,0.9995,0.501,1.0,0.999,0.9995
812,citrus.csv,Outlier,0.6,blue,GaussianNB,0.9235,0.4927,0.9261,0.9252,0.9256
813,citrus.csv,Outlier,0.6,blue,GaussianProcessClassifier,0.9995,0.5,0.999,1.0,0.9995
814,citrus.csv,Outlier,0.6,blue,SVC,0.4915,0.5007,0.0107,1.0,0.0212
815,citrus.csv,Outlier,0.6,blue,DummyClassifier,0.486,0.5,0.0,0.0,0.0
816,citrus.csv,Outlier,0.8,blue,LogisticRegression,1.0,0.4898,1.0,1.0,1.0
817,citrus.csv,Outlier,0.8,blue,ExtraTreesClassifier,1.0,0.4948,1.0,1.0,1.0
818,citrus.csv,Outlier,0.8,blue,MLPClassifier,1.0,0.4793,1.0,1.0,1.0
819,citrus.csv,Outlier,0.8,blue,CatBoostClassifier,1.0,0.5277,1.0,1.0,1.0
820,citrus.csv,Outlier,0.8,blue,RandomForestClassifier,1.0,0.4761,1.0,1.0,1.0
821,citrus.csv,Outlier,0.8,blue,SGDClassifier,1.0,,1.0,1.0,1.0
822,citrus.csv,Outlier,0.8,blue,DecisionTreeClassifier,1.0,0.5,1.0,1.0,1.0
823,citrus.csv,Outlier,0.8,blue,AdaBoostClassifier,1.0,0.5,1.0,1.0,1.0
824,citrus.csv,Outlier,0.8,blue,GradientBoostingClassifier,1.0,0.5,1.0,1.0,1.0
825,citrus.csv,Outlier,0.8,blue,RidgeClassifier,1.0,,1.0,1.0,1.0
826,citrus.csv,Outlier,0.8,blue,LinearDiscriminantAnalysis,1.0,0.5026,1.0,1.0,1.0
827,citrus.csv,Outlier,0.8,blue,KNeighborsClassifier,1.0,0.5,1.0,1.0,1.0
828,citrus.csv,Outlier,0.8,blue,QuadraticDiscriminantAnalysis,0.9995,0.501,1.0,0.999,0.9995
829,citrus.csv,Outlier,0.8,blue,GaussianNB,0.9235,0.4911,0.9261,0.9252,0.9256
830,citrus.csv,Outlier,0.8,blue,GaussianProcessClassifier,0.9995,0.5,0.999,1.0,0.9995
831,citrus.csv,Outlier,0.8,blue,SVC,0.4915,0.4982,0.0107,1.0,0.0212
832,citrus.csv,Outlier,0.8,blue,DummyClassifier,0.486,0.5,0.0,0.0,0.0
833,citrus.csv,Noisy,0.2,red,LogisticRegression,1.0,0.5071,1.0,1.0,1.0
834,citrus.csv,Noisy,0.2,red,ExtraTreesClassifier,1.0,0.5133,1.0,1.0,1.0
835,citrus.csv,Noisy,0.2,red,KNeighborsClassifier,1.0,0.5,1.0,1.0,1.0
836,citrus.csv,Noisy,0.2,red,CatBoostClassifier,1.0,0.7306,1.0,1.0,1.0
837,citrus.csv,Noisy,0.2,red,RandomForestClassifier,1.0,0.5095,1.0,1.0,1.0
838,citrus.csv,Noisy,0.2,red,GaussianProcessClassifier,1.0,0.5041,1.0,1.0,1.0
839,citrus.csv,Noisy,0.2,red,DecisionTreeClassifier,1.0,0.5,1.0,1.0,1.0
840,citrus.csv,Noisy,0.2,red,MLPClassifier,1.0,0.5169,1.0,1.0,1.0
841,citrus.csv,Noisy,0.2,red,AdaBoostClassifier,1.0,0.5,1.0,1.0,1.0
842,citrus.csv,Noisy,0.2,red,GradientBoostingClassifier,1.0,0.5,1.0,1.0,1.0
843,citrus.csv,Noisy,0.2,red,RidgeClassifier,1.0,,1.0,1.0,1.0
844,citrus.csv,Noisy,0.2,red,LinearDiscriminantAnalysis,1.0,0.5021,1.0,1.0,1.0
845,citrus.csv,Noisy,0.2,red,QuadraticDiscriminantAnalysis,1.0,0.5016,1.0,1.0,1.0
846,citrus.csv,Noisy,0.2,red,SGDClassifier,1.0,,1.0,1.0,1.0
847,citrus.csv,Noisy,0.2,red,GaussianNB,0.946,0.4816,0.9494,0.9457,0.9476
848,citrus.csv,Noisy,0.2,red,SVC,0.5115,0.3286,0.0496,1.0,0.0945
849,citrus.csv,Noisy,0.2,red,DummyClassifier,0.486,0.5,0.0,0.0,0.0
850,citrus.csv,Noisy,0.4,red,LogisticRegression,1.0,0.5037,1.0,1.0,1.0
851,citrus.csv,Noisy,0.4,red,ExtraTreesClassifier,1.0,0.5067,1.0,1.0,1.0
852,citrus.csv,Noisy,0.4,red,KNeighborsClassifier,1.0,0.5,1.0,1.0,1.0
853,citrus.csv,Noisy,0.4,red,CatBoostClassifier,1.0,0.6874,1.0,1.0,1.0
854,citrus.csv,Noisy,0.4,red,RandomForestClassifier,1.0,0.5045,1.0,1.0,1.0
855,citrus.csv,Noisy,0.4,red,GaussianProcessClassifier,1.0,0.5022,1.0,1.0,1.0
856,citrus.csv,Noisy,0.4,red,DecisionTreeClassifier,1.0,0.5,1.0,1.0,1.0
857,citrus.csv,Noisy,0.4,red,MLPClassifier,1.0,0.5339,1.0,1.0,1.0
858,citrus.csv,Noisy,0.4,red,AdaBoostClassifier,1.0,0.5,1.0,1.0,1.0
859,citrus.csv,Noisy,0.4,red,GradientBoostingClassifier,1.0,0.5,1.0,1.0,1.0
860,citrus.csv,Noisy,0.4,red,RidgeClassifier,1.0,,1.0,1.0,1.0
861,citrus.csv,Noisy,0.4,red,LinearDiscriminantAnalysis,1.0,0.5021,1.0,1.0,1.0
862,citrus.csv,Noisy,0.4,red,QuadraticDiscriminantAnalysis,1.0,0.5016,1.0,1.0,1.0
863,citrus.csv,Noisy,0.4,red,SGDClassifier,1.0,,1.0,1.0,1.0
864,citrus.csv,Noisy,0.4,red,GaussianNB,0.945,0.4813,0.9475,0.9456,0.9466
865,citrus.csv,Noisy,0.4,red,SVC,0.506,0.3298,0.0389,1.0,0.0749
866,citrus.csv,Noisy,0.4,red,DummyClassifier,0.486,0.5,0.0,0.0,0.0
867,citrus.csv,Noisy,0.6,red,LogisticRegression,1.0,0.503,1.0,1.0,1.0
868,citrus.csv,Noisy,0.6,red,RandomForestClassifier,1.0,0.5074,1.0,1.0,1.0
869,citrus.csv,Noisy,0.6,red,KNeighborsClassifier,1.0,0.5,1.0,1.0,1.0
870,citrus.csv,Noisy,0.6,red,ExtraTreesClassifier,1.0,0.5085,1.0,1.0,1.0
871,citrus.csv,Noisy,0.6,red,CatBoostClassifier,1.0,0.7511,1.0,1.0,1.0
872,citrus.csv,Noisy,0.6,red,MLPClassifier,1.0,0.5269,1.0,1.0,1.0
873,citrus.csv,Noisy,0.6,red,GaussianProcessClassifier,1.0,0.5032,1.0,1.0,1.0
874,citrus.csv,Noisy,0.6,red,DecisionTreeClassifier,1.0,0.5,1.0,1.0,1.0
875,citrus.csv,Noisy,0.6,red,AdaBoostClassifier,1.0,0.5,1.0,1.0,1.0
876,citrus.csv,Noisy,0.6,red,GradientBoostingClassifier,1.0,0.5,1.0,1.0,1.0
877,citrus.csv,Noisy,0.6,red,RidgeClassifier,1.0,,1.0,1.0,1.0
878,citrus.csv,Noisy,0.6,red,LinearDiscriminantAnalysis,1.0,0.5021,1.0,1.0,1.0
879,citrus.csv,Noisy,0.6,red,QuadraticDiscriminantAnalysis,1.0,0.5016,1.0,1.0,1.0
880,citrus.csv,Noisy,0.6,red,SGDClassifier,0.9995,,1.0,0.999,0.9995
881,citrus.csv,Noisy,0.6,red,GaussianNB,0.9445,0.4812,0.9465,0.9456,0.946
882,citrus.csv,Noisy,0.6,red,SVC,0.505,0.3779,0.037,1.0,0.0713
883,citrus.csv,Noisy,0.6,red,DummyClassifier,0.486,0.5,0.0,0.0,0.0
884,citrus.csv,Noisy,0.8,red,LogisticRegression,1.0,0.5048,1.0,1.0,1.0
885,citrus.csv,Noisy,0.8,red,RandomForestClassifier,1.0,0.5127,1.0,1.0,1.0
886,citrus.csv,Noisy,0.8,red,KNeighborsClassifier,1.0,0.5,1.0,1.0,1.0
887,citrus.csv,Noisy,0.8,red,ExtraTreesClassifier,1.0,0.5019,1.0,1.0,1.0
888,citrus.csv,Noisy,0.8,red,CatBoostClassifier,1.0,0.6636,1.0,1.0,1.0
889,citrus.csv,Noisy,0.8,red,MLPClassifier,1.0,0.5037,1.0,1.0,1.0
890,citrus.csv,Noisy,0.8,red,GaussianProcessClassifier,1.0,0.5023,1.0,1.0,1.0
891,citrus.csv,Noisy,0.8,red,DecisionTreeClassifier,1.0,0.5,1.0,1.0,1.0
892,citrus.csv,Noisy,0.8,red,AdaBoostClassifier,1.0,0.5,1.0,1.0,1.0
893,citrus.csv,Noisy,0.8,red,GradientBoostingClassifier,1.0,0.5,1.0,1.0,1.0
894,citrus.csv,Noisy,0.8,red,RidgeClassifier,1.0,,1.0,1.0,1.0
895,citrus.csv,Noisy,0.8,red,LinearDiscriminantAnalysis,1.0,0.5021,1.0,1.0,1.0
896,citrus.csv,Noisy,0.8,red,QuadraticDiscriminantAnalysis,1.0,0.5016,1.0,1.0,1.0
897,citrus.csv,Noisy,0.8,red,SGDClassifier,0.7615,,1.0,0.6831,0.8117
898,citrus.csv,Noisy,0.8,red,GaussianNB,0.9445,0.4818,0.9465,0.9456,0.946
899,citrus.csv,Noisy,0.8,red,SVC,0.5025,0.4715,0.0321,1.0,0.0622
900,citrus.csv,Noisy,0.8,red,DummyClassifier,0.486,0.5,0.0,0.0,0.0
901,citrus.csv,Noisy,0.2,green,LogisticRegression,1.0,0.4947,1.0,1.0,1.0
902,citrus.csv,Noisy,0.2,green,ExtraTreesClassifier,1.0,0.4875,1.0,1.0,1.0
903,citrus.csv,Noisy,0.2,green,KNeighborsClassifier,1.0,0.5,1.0,1.0,1.0
904,citrus.csv,Noisy,0.2,green,CatBoostClassifier,1.0,0.6872,1.0,1.0,1.0
905,citrus.csv,Noisy,0.2,green,RandomForestClassifier,1.0,0.5073,1.0,1.0,1.0
906,citrus.csv,Noisy,0.2,green,MLPClassifier,1.0,0.508,1.0,1.0,1.0
907,citrus.csv,Noisy,0.2,green,DecisionTreeClassifier,1.0,0.5,1.0,1.0,1.0
908,citrus.csv,Noisy,0.2,green,AdaBoostClassifier,1.0,0.5,1.0,1.0,1.0
909,citrus.csv,Noisy,0.2,green,GradientBoostingClassifier,1.0,0.5,1.0,1.0,1.0
910,citrus.csv,Noisy,0.2,green,GaussianProcessClassifier,1.0,0.5019,1.0,1.0,1.0
911,citrus.csv,Noisy,0.2,green,RidgeClassifier,1.0,,1.0,1.0,1.0
912,citrus.csv,Noisy,0.2,green,LinearDiscriminantAnalysis,1.0,0.5011,1.0,1.0,1.0
913,citrus.csv,Noisy,0.2,green,QuadraticDiscriminantAnalysis,1.0,0.501,1.0,1.0,1.0
914,citrus.csv,Noisy,0.2,green,SGDClassifier,1.0,,1.0,1.0,1.0
915,citrus.csv,Noisy,0.2,green,GaussianNB,0.9445,0.4822,0.9494,0.943,0.9462
916,citrus.csv,Noisy,0.2,green,SVC,0.4995,0.4698,0.0263,1.0,0.0512
917,citrus.csv,Noisy,0.2,green,DummyClassifier,0.486,0.5,0.0,0.0,0.0
918,citrus.csv,Noisy,0.4,green,LogisticRegression,1.0,0.4975,1.0,1.0,1.0
919,citrus.csv,Noisy,0.4,green,ExtraTreesClassifier,1.0,0.4958,1.0,1.0,1.0
920,citrus.csv,Noisy,0.4,green,KNeighborsClassifier,1.0,0.5,1.0,1.0,1.0
921,citrus.csv,Noisy,0.4,green,CatBoostClassifier,1.0,0.7362,1.0,1.0,1.0
922,citrus.csv,Noisy,0.4,green,RandomForestClassifier,1.0,0.5051,1.0,1.0,1.0
923,citrus.csv,Noisy,0.4,green,MLPClassifier,1.0,0.5047,1.0,1.0,1.0
924,citrus.csv,Noisy,0.4,green,DecisionTreeClassifier,1.0,0.5,1.0,1.0,1.0
925,citrus.csv,Noisy,0.4,green,AdaBoostClassifier,1.0,0.5,1.0,1.0,1.0
926,citrus.csv,Noisy,0.4,green,GradientBoostingClassifier,1.0,0.5,1.0,1.0,1.0
927,citrus.csv,Noisy,0.4,green,GaussianProcessClassifier,1.0,0.5019,1.0,1.0,1.0
928,citrus.csv,Noisy,0.4,green,LinearDiscriminantAnalysis,1.0,0.5015,1.0,1.0,1.0
929,citrus.csv,Noisy,0.4,green,RidgeClassifier,1.0,,1.0,1.0,1.0
930,citrus.csv,Noisy,0.4,green,QuadraticDiscriminantAnalysis,1.0,0.501,1.0,1.0,1.0
931,citrus.csv,Noisy,0.4,green,SGDClassifier,1.0,,1.0,1.0,1.0
932,citrus.csv,Noisy,0.4,green,GaussianNB,0.939,0.4814,0.9436,0.9381,0.9408
933,citrus.csv,Noisy,0.4,green,SVC,0.498,0.4208,0.0233,1.0,0.0456
934,citrus.csv,Noisy,0.4,green,DummyClassifier,0.486,0.5,0.0,0.0,0.0
935,citrus.csv,Noisy,0.6,green,LogisticRegression,1.0,0.4917,1.0,1.0,1.0
936,citrus.csv,Noisy,0.6,green,RandomForestClassifier,1.0,0.4896,1.0,1.0,1.0
937,citrus.csv,Noisy,0.6,green,KNeighborsClassifier,1.0,0.5,1.0,1.0,1.0
938,citrus.csv,Noisy,0.6,green,ExtraTreesClassifier,1.0,0.5004,1.0,1.0,1.0
939,citrus.csv,Noisy,0.6,green,CatBoostClassifier,1.0,0.7761,1.0,1.0,1.0
940,citrus.csv,Noisy,0.6,green,MLPClassifier,1.0,0.5182,1.0,1.0,1.0
941,citrus.csv,Noisy,0.6,green,GaussianProcessClassifier,1.0,0.5014,1.0,1.0,1.0
942,citrus.csv,Noisy,0.6,green,DecisionTreeClassifier,1.0,0.5,1.0,1.0,1.0
943,citrus.csv,Noisy,0.6,green,AdaBoostClassifier,1.0,0.5,1.0,1.0,1.0
944,citrus.csv,Noisy,0.6,green,GradientBoostingClassifier,1.0,0.5,1.0,1.0,1.0
945,citrus.csv,Noisy,0.6,green,RidgeClassifier,1.0,,1.0,1.0,1.0
946,citrus.csv,Noisy,0.6,green,LinearDiscriminantAnalysis,1.0,0.5016,1.0,1.0,1.0
947,citrus.csv,Noisy,0.6,green,QuadraticDiscriminantAnalysis,1.0,0.501,1.0,1.0,1.0
948,citrus.csv,Noisy,0.6,green,SGDClassifier,1.0,,1.0,1.0,1.0
949,citrus.csv,Noisy,0.6,green,GaussianNB,0.9385,0.4818,0.9426,0.938,0.9403
950,citrus.csv,Noisy,0.6,green,SVC,0.497,0.492,0.0214,1.0,0.0419
951,citrus.csv,Noisy,0.6,green,DummyClassifier,0.486,0.5,0.0,0.0,0.0
952,citrus.csv,Noisy,0.8,green,LogisticRegression,1.0,0.4942,1.0,1.0,1.0
953,citrus.csv,Noisy,0.8,green,ExtraTreesClassifier,1.0,0.4989,1.0,1.0,1.0
954,citrus.csv,Noisy,0.8,green,KNeighborsClassifier,1.0,0.5,1.0,1.0,1.0
955,citrus.csv,Noisy,0.8,green,CatBoostClassifier,1.0,0.8095,1.0,1.0,1.0
956,citrus.csv,Noisy,0.8,green,RandomForestClassifier,1.0,0.4927,1.0,1.0,1.0
957,citrus.csv,Noisy,0.8,green,MLPClassifier,1.0,0.4994,1.0,1.0,1.0
958,citrus.csv,Noisy,0.8,green,DecisionTreeClassifier,1.0,0.5,1.0,1.0,1.0
959,citrus.csv,Noisy,0.8,green,GaussianProcessClassifier,1.0,0.5009,1.0,1.0,1.0
960,citrus.csv,Noisy,0.8,green,AdaBoostClassifier,1.0,0.5,1.0,1.0,1.0
961,citrus.csv,Noisy,0.8,green,GradientBoostingClassifier,1.0,0.5,1.0,1.0,1.0
962,citrus.csv,Noisy,0.8,green,RidgeClassifier,1.0,,1.0,1.0,1.0
963,citrus.csv,Noisy,0.8,green,LinearDiscriminantAnalysis,1.0,0.5016,1.0,1.0,1.0
964,citrus.csv,Noisy,0.8,green,QuadraticDiscriminantAnalysis,1.0,0.501,1.0,1.0,1.0
965,citrus.csv,Noisy,0.8,green,SGDClassifier,1.0,,1.0,1.0,1.0
966,citrus.csv,Noisy,0.8,green,GaussianNB,0.9385,0.4829,0.9426,0.938,0.9403
967,citrus.csv,Noisy,0.8,green,SVC,0.4945,0.4122,0.0165,1.0,0.0325
968,citrus.csv,Noisy,0.8,green,DummyClassifier,0.486,0.5,0.0,0.0,0.0
969,citrus.csv,Noisy,0.2,blue,LogisticRegression,1.0,0.4967,1.0,1.0,1.0
970,citrus.csv,Noisy,0.2,blue,ExtraTreesClassifier,1.0,0.5093,1.0,1.0,1.0
971,citrus.csv,Noisy,0.2,blue,KNeighborsClassifier,1.0,0.5,1.0,1.0,1.0
972,citrus.csv,Noisy,0.2,blue,CatBoostClassifier,1.0,0.8651,1.0,1.0,1.0
973,citrus.csv,Noisy,0.2,blue,RandomForestClassifier,1.0,0.5049,1.0,1.0,1.0
974,citrus.csv,Noisy,0.2,blue,MLPClassifier,1.0,0.5028,1.0,1.0,1.0
975,citrus.csv,Noisy,0.2,blue,DecisionTreeClassifier,1.0,0.5,1.0,1.0,1.0
976,citrus.csv,Noisy,0.2,blue,AdaBoostClassifier,1.0,0.5,1.0,1.0,1.0
977,citrus.csv,Noisy,0.2,blue,GradientBoostingClassifier,1.0,0.5,1.0,1.0,1.0
978,citrus.csv,Noisy,0.2,blue,LinearDiscriminantAnalysis,1.0,0.5026,1.0,1.0,1.0
979,citrus.csv,Noisy,0.2,blue,RidgeClassifier,1.0,,1.0,1.0,1.0
980,citrus.csv,Noisy,0.2,blue,GaussianProcessClassifier,1.0,0.5009,1.0,1.0,1.0
981,citrus.csv,Noisy,0.2,blue,QuadraticDiscriminantAnalysis,0.9995,0.501,1.0,0.999,0.9995
982,citrus.csv,Noisy,0.2,blue,SGDClassifier,0.9995,,0.999,1.0,0.9995
983,citrus.csv,Noisy,0.2,blue,GaussianNB,0.9305,0.4992,0.9377,0.9278,0.9328
984,citrus.csv,Noisy,0.2,blue,SVC,0.494,0.4921,0.0156,1.0,0.0307
985,citrus.csv,Noisy,0.2,blue,DummyClassifier,0.486,0.5,0.0,0.0,0.0
986,citrus.csv,Noisy,0.4,blue,LogisticRegression,1.0,0.4996,1.0,1.0,1.0
987,citrus.csv,Noisy,0.4,blue,ExtraTreesClassifier,1.0,0.5275,1.0,1.0,1.0
988,citrus.csv,Noisy,0.4,blue,KNeighborsClassifier,1.0,0.5,1.0,1.0,1.0
989,citrus.csv,Noisy,0.4,blue,CatBoostClassifier,1.0,0.8476,1.0,1.0,1.0
990,citrus.csv,Noisy,0.4,blue,RandomForestClassifier,1.0,0.506,1.0,1.0,1.0
991,citrus.csv,Noisy,0.4,blue,MLPClassifier,1.0,0.4974,1.0,1.0,1.0
992,citrus.csv,Noisy,0.4,blue,DecisionTreeClassifier,1.0,0.5,1.0,1.0,1.0
993,citrus.csv,Noisy,0.4,blue,AdaBoostClassifier,1.0,0.5,1.0,1.0,1.0
994,citrus.csv,Noisy,0.4,blue,GradientBoostingClassifier,1.0,0.5,1.0,1.0,1.0
995,citrus.csv,Noisy,0.4,blue,RidgeClassifier,1.0,,1.0,1.0,1.0
996,citrus.csv,Noisy,0.4,blue,LinearDiscriminantAnalysis,1.0,0.5031,1.0,1.0,1.0
997,citrus.csv,Noisy,0.4,blue,GaussianProcessClassifier,1.0,0.5005,1.0,1.0,1.0
998,citrus.csv,Noisy,0.4,blue,QuadraticDiscriminantAnalysis,0.9995,0.501,1.0,0.999,0.9995
999,citrus.csv,Noisy,0.4,blue,SGDClassifier,1.0,,1.0,1.0,1.0
1000,citrus.csv,Noisy,0.4,blue,GaussianNB,0.9285,0.4982,0.9339,0.9275,0.9307
1001,citrus.csv,Noisy,0.4,blue,SVC,0.493,0.4972,0.0136,1.0,0.0269
1002,citrus.csv,Noisy,0.4,blue,DummyClassifier,0.486,0.5,0.0,0.0,0.0
1003,citrus.csv,Noisy,0.6,blue,LogisticRegression,1.0,0.4913,1.0,1.0,1.0
1004,citrus.csv,Noisy,0.6,blue,ExtraTreesClassifier,1.0,0.4934,1.0,1.0,1.0
1005,citrus.csv,Noisy,0.6,blue,KNeighborsClassifier,1.0,0.5,1.0,1.0,1.0
1006,citrus.csv,Noisy,0.6,blue,CatBoostClassifier,1.0,0.8602,1.0,1.0,1.0
1007,citrus.csv,Noisy,0.6,blue,RandomForestClassifier,1.0,0.4972,1.0,1.0,1.0
1008,citrus.csv,Noisy,0.6,blue,MLPClassifier,1.0,0.5066,1.0,1.0,1.0
1009,citrus.csv,Noisy,0.6,blue,DecisionTreeClassifier,1.0,0.5,1.0,1.0,1.0
1010,citrus.csv,Noisy,0.6,blue,AdaBoostClassifier,1.0,0.5,1.0,1.0,1.0
1011,citrus.csv,Noisy,0.6,blue,GradientBoostingClassifier,1.0,0.5,1.0,1.0,1.0
1012,citrus.csv,Noisy,0.6,blue,GaussianProcessClassifier,1.0,0.5,1.0,1.0,1.0
1013,citrus.csv,Noisy,0.6,blue,RidgeClassifier,1.0,,1.0,1.0,1.0
1014,citrus.csv,Noisy,0.6,blue,LinearDiscriminantAnalysis,1.0,0.5031,1.0,1.0,1.0
1015,citrus.csv,Noisy,0.6,blue,QuadraticDiscriminantAnalysis,0.9995,0.501,1.0,0.999,0.9995
1016,citrus.csv,Noisy,0.6,blue,SGDClassifier,1.0,,1.0,1.0,1.0
1017,citrus.csv,Noisy,0.6,blue,GaussianNB,0.927,0.4973,0.9329,0.9257,0.9293
1018,citrus.csv,Noisy,0.6,blue,SVC,0.493,0.4953,0.0136,1.0,0.0269
1019,citrus.csv,Noisy,0.6,blue,DummyClassifier,0.486,0.5,0.0,0.0,0.0
1020,citrus.csv,Noisy,0.8,blue,LogisticRegression,1.0,0.4834,1.0,1.0,1.0
1021,citrus.csv,Noisy,0.8,blue,ExtraTreesClassifier,1.0,0.494,1.0,1.0,1.0
1022,citrus.csv,Noisy,0.8,blue,KNeighborsClassifier,1.0,0.5,1.0,1.0,1.0
1023,citrus.csv,Noisy,0.8,blue,CatBoostClassifier,1.0,0.823,1.0,1.0,1.0
1024,citrus.csv,Noisy,0.8,blue,RandomForestClassifier,1.0,0.5014,1.0,1.0,1.0
1025,citrus.csv,Noisy,0.8,blue,MLPClassifier,1.0,0.5033,1.0,1.0,1.0
1026,citrus.csv,Noisy,0.8,blue,DecisionTreeClassifier,1.0,0.5,1.0,1.0,1.0
1027,citrus.csv,Noisy,0.8,blue,AdaBoostClassifier,1.0,0.5,1.0,1.0,1.0
1028,citrus.csv,Noisy,0.8,blue,GradientBoostingClassifier,1.0,0.5,1.0,1.0,1.0
1029,citrus.csv,Noisy,0.8,blue,GaussianProcessClassifier,1.0,0.5,1.0,1.0,1.0
1030,citrus.csv,Noisy,0.8,blue,RidgeClassifier,1.0,,1.0,1.0,1.0
1031,citrus.csv,Noisy,0.8,blue,LinearDiscriminantAnalysis,1.0,0.5031,1.0,1.0,1.0
1032,citrus.csv,Noisy,0.8,blue,QuadraticDiscriminantAnalysis,0.9995,0.501,1.0,0.999,0.9995
1033,citrus.csv,Noisy,0.8,blue,SGDClassifier,0.9925,,0.9854,1.0,0.9927
1034,citrus.csv,Noisy,0.8,blue,GaussianNB,0.925,0.4967,0.929,0.9254,0.9272
1035,citrus.csv,Noisy,0.8,blue,SVC,0.493,0.4976,0.0136,1.0,0.0269
1036,citrus.csv,Noisy,0.8,blue,DummyClassifier,0.486,0.5,0.0,0.0,0.0
1037,citrus.csv,Noisy,0.2,diameter,LogisticRegression,1.0,0.5087,1.0,1.0,1.0
1038,citrus.csv,Noisy,0.2,diameter,RandomForestClassifier,1.0,0.4874,1.0,1.0,1.0
1039,citrus.csv,Noisy,0.2,diameter,KNeighborsClassifier,1.0,0.5,1.0,1.0,1.0
1040,citrus.csv,Noisy,0.2,diameter,ExtraTreesClassifier,1.0,0.5086,1.0,1.0,1.0
1041,citrus.csv,Noisy,0.2,diameter,CatBoostClassifier,1.0,0.3414,1.0,1.0,1.0
1042,citrus.csv,Noisy,0.2,diameter,MLPClassifier,1.0,0.5288,1.0,1.0,1.0
1043,citrus.csv,Noisy,0.2,diameter,GaussianProcessClassifier,1.0,0.5041,1.0,1.0,1.0
1044,citrus.csv,Noisy,0.2,diameter,DecisionTreeClassifier,1.0,0.5,1.0,1.0,1.0
1045,citrus.csv,Noisy,0.2,diameter,AdaBoostClassifier,1.0,0.5,1.0,1.0,1.0
1046,citrus.csv,Noisy,0.2,diameter,GradientBoostingClassifier,1.0,0.5,1.0,1.0,1.0
1047,citrus.csv,Noisy,0.2,diameter,RidgeClassifier,1.0,,1.0,1.0,1.0
1048,citrus.csv,Noisy,0.2,diameter,QuadraticDiscriminantAnalysis,1.0,0.5179,1.0,1.0,1.0
1049,citrus.csv,Noisy,0.2,diameter,LinearDiscriminantAnalysis,1.0,0.4971,1.0,1.0,1.0
1050,citrus.csv,Noisy,0.2,diameter,SGDClassifier,1.0,,1.0,1.0,1.0
1051,citrus.csv,Noisy,0.2,diameter,GaussianNB,0.9575,0.4725,0.964,0.9538,0.9589
1052,citrus.csv,Noisy,0.2,diameter,SVC,0.511,0.3306,0.0486,1.0,0.0928
1053,citrus.csv,Noisy,0.2,diameter,DummyClassifier,0.486,0.5,0.0,0.0,0.0
1054,citrus.csv,Noisy,0.4,diameter,LogisticRegression,1.0,0.5087,1.0,1.0,1.0
1055,citrus.csv,Noisy,0.4,diameter,RandomForestClassifier,1.0,0.5147,1.0,1.0,1.0
1056,citrus.csv,Noisy,0.4,diameter,KNeighborsClassifier,1.0,0.5,1.0,1.0,1.0
1057,citrus.csv,Noisy,0.4,diameter,ExtraTreesClassifier,1.0,0.5105,1.0,1.0,1.0
1058,citrus.csv,Noisy,0.4,diameter,CatBoostClassifier,1.0,0.3065,1.0,1.0,1.0
1059,citrus.csv,Noisy,0.4,diameter,MLPClassifier,1.0,0.504,1.0,1.0,1.0
1060,citrus.csv,Noisy,0.4,diameter,GaussianProcessClassifier,1.0,0.5017,1.0,1.0,1.0
1061,citrus.csv,Noisy,0.4,diameter,DecisionTreeClassifier,1.0,0.5,1.0,1.0,1.0
1062,citrus.csv,Noisy,0.4,diameter,AdaBoostClassifier,1.0,0.5,1.0,1.0,1.0
1063,citrus.csv,Noisy,0.4,diameter,GradientBoostingClassifier,1.0,0.5,1.0,1.0,1.0
1064,citrus.csv,Noisy,0.4,diameter,QuadraticDiscriminantAnalysis,1.0,0.5179,1.0,1.0,1.0
1065,citrus.csv,Noisy,0.4,diameter,RidgeClassifier,1.0,,1.0,1.0,1.0
1066,citrus.csv,Noisy,0.4,diameter,LinearDiscriminantAnalysis,1.0,0.4971,1.0,1.0,1.0
1067,citrus.csv,Noisy,0.4,diameter,GaussianNB,0.962,0.4748,0.9679,0.9586,0.9632
1068,citrus.csv,Noisy,0.4,diameter,SGDClassifier,0.9995,,0.999,1.0,0.9995
1069,citrus.csv,Noisy,0.4,diameter,SVC,0.5045,0.3439,0.036,1.0,0.0695
1070,citrus.csv,Noisy,0.4,diameter,DummyClassifier,0.486,0.5,0.0,0.0,0.0
1071,citrus.csv,Noisy,0.6,diameter,LogisticRegression,1.0,0.5087,1.0,1.0,1.0
1072,citrus.csv,Noisy,0.6,diameter,RandomForestClassifier,1.0,0.4963,1.0,1.0,1.0
1073,citrus.csv,Noisy,0.6,diameter,KNeighborsClassifier,1.0,0.5,1.0,1.0,1.0
1074,citrus.csv,Noisy,0.6,diameter,ExtraTreesClassifier,0.9995,0.4969,1.0,0.999,0.9995
1075,citrus.csv,Noisy,0.6,diameter,CatBoostClassifier,1.0,0.3304,1.0,1.0,1.0
1076,citrus.csv,Noisy,0.6,diameter,MLPClassifier,1.0,0.5089,1.0,1.0,1.0
1077,citrus.csv,Noisy,0.6,diameter,GaussianProcessClassifier,1.0,0.5013,1.0,1.0,1.0
1078,citrus.csv,Noisy,0.6,diameter,DecisionTreeClassifier,1.0,0.5,1.0,1.0,1.0
1079,citrus.csv,Noisy,0.6,diameter,AdaBoostClassifier,1.0,0.5,1.0,1.0,1.0
1080,citrus.csv,Noisy,0.6,diameter,GradientBoostingClassifier,1.0,0.5,1.0,1.0,1.0
1081,citrus.csv,Noisy,0.6,diameter,RidgeClassifier,1.0,,1.0,1.0,1.0
1082,citrus.csv,Noisy,0.6,diameter,QuadraticDiscriminantAnalysis,1.0,0.5179,1.0,1.0,1.0
1083,citrus.csv,Noisy,0.6,diameter,LinearDiscriminantAnalysis,1.0,0.4971,1.0,1.0,1.0
1084,citrus.csv,Noisy,0.6,diameter,GaussianNB,0.9625,0.4719,0.9689,0.9586,0.9637
1085,citrus.csv,Noisy,0.6,diameter,SGDClassifier,0.9995,,0.999,1.0,0.9995
1086,citrus.csv,Noisy,0.6,diameter,SVC,0.5035,0.3494,0.034,1.0,0.0659
1087,citrus.csv,Noisy,0.6,diameter,DummyClassifier,0.486,0.5,0.0,0.0,0.0
1088,citrus.csv,Noisy,0.8,diameter,LogisticRegression,1.0,0.5082,1.0,1.0,1.0
1089,citrus.csv,Noisy,0.8,diameter,ExtraTreesClassifier,1.0,0.5,1.0,1.0,1.0
1090,citrus.csv,Noisy,0.8,diameter,KNeighborsClassifier,1.0,0.5,1.0,1.0,1.0
1091,citrus.csv,Noisy,0.8,diameter,CatBoostClassifier,1.0,0.323,1.0,1.0,1.0
1092,citrus.csv,Noisy,0.8,diameter,RandomForestClassifier,1.0,0.5019,1.0,1.0,1.0
1093,citrus.csv,Noisy,0.8,diameter,GaussianProcessClassifier,1.0,0.5009,1.0,1.0,1.0
1094,citrus.csv,Noisy,0.8,diameter,DecisionTreeClassifier,1.0,0.5,1.0,1.0,1.0
1095,citrus.csv,Noisy,0.8,diameter,MLPClassifier,1.0,0.505,1.0,1.0,1.0
1096,citrus.csv,Noisy,0.8,diameter,AdaBoostClassifier,1.0,0.5,1.0,1.0,1.0
1097,citrus.csv,Noisy,0.8,diameter,GradientBoostingClassifier,1.0,0.5,1.0,1.0,1.0
1098,citrus.csv,Noisy,0.8,diameter,RidgeClassifier,1.0,,1.0,1.0,1.0
1099,citrus.csv,Noisy,0.8,diameter,QuadraticDiscriminantAnalysis,1.0,0.5179,1.0,1.0,1.0
1100,citrus.csv,Noisy,0.8,diameter,LinearDiscriminantAnalysis,1.0,0.4971,1.0,1.0,1.0
1101,citrus.csv,Noisy,0.8,diameter,SGDClassifier,1.0,,1.0,1.0,1.0
1102,citrus.csv,Noisy,0.8,diameter,GaussianNB,0.963,0.4715,0.9698,0.9587,0.9642
1103,citrus.csv,Noisy,0.8,diameter,SVC,0.502,0.3735,0.0311,1.0,0.0604
1104,citrus.csv,Noisy,0.8,diameter,DummyClassifier,0.486,0.5,0.0,0.0,0.0
1105,citrus.csv,Noisy,0.2,weight,RandomForestClassifier,1.0,0.4916,1.0,1.0,1.0
1106,citrus.csv,Noisy,0.2,weight,CatBoostClassifier,1.0,0.6328,1.0,1.0,1.0
1107,citrus.csv,Noisy,0.2,weight,DecisionTreeClassifier,1.0,0.5,1.0,1.0,1.0
1108,citrus.csv,Noisy,0.2,weight,AdaBoostClassifier,1.0,0.5,1.0,1.0,1.0
1109,citrus.csv,Noisy,0.2,weight,GradientBoostingClassifier,1.0,0.5,1.0,1.0,1.0
1110,citrus.csv,Noisy,0.2,weight,LogisticRegression,1.0,0.5026,1.0,1.0,1.0
1111,citrus.csv,Noisy,0.2,weight,KNeighborsClassifier,1.0,0.5,1.0,1.0,1.0
1112,citrus.csv,Noisy,0.2,weight,ExtraTreesClassifier,0.9995,0.5126,1.0,0.999,0.9995
1113,citrus.csv,Noisy,0.2,weight,MLPClassifier,0.9965,0.4603,0.9942,0.999,0.9966
1114,citrus.csv,Noisy,0.2,weight,GaussianProcessClassifier,1.0,0.5004,1.0,1.0,1.0
1115,citrus.csv,Noisy,0.2,weight,RidgeClassifier,0.9895,,0.9903,0.9893,0.9898
1116,citrus.csv,Noisy,0.2,weight,LinearDiscriminantAnalysis,0.9895,0.4843,0.9903,0.9893,0.9898
1117,citrus.csv,Noisy,0.2,weight,QuadraticDiscriminantAnalysis,0.9865,0.4722,0.9864,0.9873,0.9869
1118,citrus.csv,Noisy,0.2,weight,GaussianNB,0.9805,0.468,0.9825,0.9796,0.9811
1119,citrus.csv,Noisy,0.2,weight,SGDClassifier,0.999,,0.9981,1.0,0.999
1120,citrus.csv,Noisy,0.2,weight,SVC,0.4995,0.4827,0.0263,1.0,0.0512
1121,citrus.csv,Noisy,0.2,weight,DummyClassifier,0.486,0.5,0.0,0.0,0.0
1122,citrus.csv,Noisy,0.4,weight,DecisionTreeClassifier,1.0,0.5,1.0,1.0,1.0
1123,citrus.csv,Noisy,0.4,weight,AdaBoostClassifier,1.0,0.5,1.0,1.0,1.0
1124,citrus.csv,Noisy,0.4,weight,RandomForestClassifier,1.0,0.5087,1.0,1.0,1.0
1125,citrus.csv,Noisy,0.4,weight,GradientBoostingClassifier,1.0,0.5,1.0,1.0,1.0
1126,citrus.csv,Noisy,0.4,weight,CatBoostClassifier,1.0,0.4745,1.0,1.0,1.0
1127,citrus.csv,Noisy,0.4,weight,LogisticRegression,1.0,0.5036,1.0,1.0,1.0
1128,citrus.csv,Noisy,0.4,weight,KNeighborsClassifier,1.0,0.5,1.0,1.0,1.0
1129,citrus.csv,Noisy,0.4,weight,ExtraTreesClassifier,0.999,0.5047,0.999,0.999,0.999
1130,citrus.csv,Noisy,0.4,weight,GaussianProcessClassifier,1.0,0.5004,1.0,1.0,1.0
1131,citrus.csv,Noisy,0.4,weight,MLPClassifier,0.993,0.552,0.999,0.9875,0.9932
1132,citrus.csv,Noisy,0.4,weight,RidgeClassifier,0.989,,0.9903,0.9883,0.9893
1133,citrus.csv,Noisy,0.4,weight,LinearDiscriminantAnalysis,0.989,0.4845,0.9903,0.9883,0.9893
1134,citrus.csv,Noisy,0.4,weight,QuadraticDiscriminantAnalysis,0.9845,0.4695,0.9854,0.9845,0.9849
1135,citrus.csv,Noisy,0.4,weight,GaussianNB,0.9825,0.4663,0.9835,0.9825,0.983
1136,citrus.csv,Noisy,0.4,weight,SGDClassifier,0.993,,0.9864,1.0,0.9931
1137,citrus.csv,Noisy,0.4,weight,SVC,0.498,0.5,0.0233,1.0,0.0456
1138,citrus.csv,Noisy,0.4,weight,DummyClassifier,0.486,0.5,0.0,0.0,0.0
1139,citrus.csv,Noisy,0.6,weight,RandomForestClassifier,1.0,0.5076,1.0,1.0,1.0
1140,citrus.csv,Noisy,0.6,weight,AdaBoostClassifier,1.0,0.5,1.0,1.0,1.0
1141,citrus.csv,Noisy,0.6,weight,GradientBoostingClassifier,1.0,0.5,1.0,1.0,1.0
1142,citrus.csv,Noisy,0.6,weight,DecisionTreeClassifier,1.0,0.5,1.0,1.0,1.0
1143,citrus.csv,Noisy,0.6,weight,KNeighborsClassifier,1.0,0.501,1.0,1.0,1.0
1144,citrus.csv,Noisy,0.6,weight,CatBoostClassifier,1.0,0.4619,1.0,1.0,1.0
1145,citrus.csv,Noisy,0.6,weight,LogisticRegression,1.0,0.5036,1.0,1.0,1.0
1146,citrus.csv,Noisy,0.6,weight,ExtraTreesClassifier,0.999,0.5129,0.999,0.999,0.999
1147,citrus.csv,Noisy,0.6,weight,GaussianProcessClassifier,1.0,0.5009,1.0,1.0,1.0
1148,citrus.csv,Noisy,0.6,weight,MLPClassifier,0.995,0.461,0.9932,0.9971,0.9951
1149,citrus.csv,Noisy,0.6,weight,RidgeClassifier,0.989,,0.9903,0.9883,0.9893
1150,citrus.csv,Noisy,0.6,weight,LinearDiscriminantAnalysis,0.989,0.4844,0.9903,0.9883,0.9893
1151,citrus.csv,Noisy,0.6,weight,SGDClassifier,0.9885,,0.999,0.979,0.9889
1152,citrus.csv,Noisy,0.6,weight,QuadraticDiscriminantAnalysis,0.984,0.471,0.9854,0.9835,0.9845
1153,citrus.csv,Noisy,0.6,weight,GaussianNB,0.9835,0.467,0.9835,0.9844,0.9839
1154,citrus.csv,Noisy,0.6,weight,SVC,0.4955,0.4978,0.0185,1.0,0.0363
1155,citrus.csv,Noisy,0.6,weight,DummyClassifier,0.486,0.5,0.0,0.0,0.0
1156,citrus.csv,Noisy,0.8,weight,LogisticRegression,1.0,0.5036,1.0,1.0,1.0
1157,citrus.csv,Noisy,0.8,weight,RandomForestClassifier,1.0,0.4849,1.0,1.0,1.0
1158,citrus.csv,Noisy,0.8,weight,DecisionTreeClassifier,1.0,0.5,1.0,1.0,1.0
1159,citrus.csv,Noisy,0.8,weight,AdaBoostClassifier,1.0,0.5,1.0,1.0,1.0
1160,citrus.csv,Noisy,0.8,weight,GradientBoostingClassifier,1.0,0.5,1.0,1.0,1.0
1161,citrus.csv,Noisy,0.8,weight,CatBoostClassifier,1.0,0.439,1.0,1.0,1.0
1162,citrus.csv,Noisy,0.8,weight,KNeighborsClassifier,1.0,0.5026,1.0,1.0,1.0
1163,citrus.csv,Noisy,0.8,weight,GaussianProcessClassifier,1.0,0.5,1.0,1.0,1.0
1164,citrus.csv,Noisy,0.8,weight,ExtraTreesClassifier,0.9985,0.5083,0.999,0.9981,0.9985
1165,citrus.csv,Noisy,0.8,weight,MLPClassifier,0.994,0.4675,0.9922,0.9961,0.9942
1166,citrus.csv,Noisy,0.8,weight,RidgeClassifier,0.989,,0.9903,0.9883,0.9893
1167,citrus.csv,Noisy,0.8,weight,LinearDiscriminantAnalysis,0.989,0.4845,0.9903,0.9883,0.9893
1168,citrus.csv,Noisy,0.8,weight,GaussianNB,0.983,0.465,0.9835,0.9835,0.9835
1169,citrus.csv,Noisy,0.8,weight,QuadraticDiscriminantAnalysis,0.9835,0.4714,0.9844,0.9835,0.984
1170,citrus.csv,Noisy,0.8,weight,SGDClassifier,0.995,,0.9961,0.9942,0.9951
1171,citrus.csv,Noisy,0.8,weight,SVC,0.492,0.4971,0.0117,1.0,0.0231
1172,citrus.csv,Noisy,0.8,weight,DummyClassifier,0.486,0.5,0.0,0.0,0.0
