,datasetName,errorType,percentage,feature,modelName,Accuracy,Auc,Recall,Precision,F1
0,Occupancy.csv,,0.0,,KNeighborsClassifier,0.9888,0.455,0.9864,0.9661,0.9761
1,Occupancy.csv,,0.0,,LogisticRegression,0.9878,0.0453,0.9853,0.9631,0.9741
2,Occupancy.csv,,0.0,,MLPClassifier,0.9895,0.0942,0.9948,0.9615,0.9778
3,Occupancy.csv,,0.0,,SGDClassifier,0.9891,,0.9948,0.9595,0.9768
4,Occupancy.csv,,0.0,,GaussianNB,0.7687,0.4722,0.0031,0.75,0.0063
5,Occupancy.csv,,0.0,,RidgeClassifier,0.7682,,0.001,0.5,0.0021
6,Occupancy.csv,,0.0,,DecisionTreeClassifier,0.7682,0.5,0.0,0.0,0.0
7,Occupancy.csv,,0.0,,QuadraticDiscriminantAnalysis,0.7682,0.5,0.0,0.0,0.0
8,Occupancy.csv,,0.0,,AdaBoostClassifier,0.7682,0.5,0.0,0.0,0.0
9,Occupancy.csv,,0.0,,LinearDiscriminantAnalysis,0.7682,0.5,0.0,0.0,0.0
10,Occupancy.csv,,0.0,,DummyClassifier,0.7682,0.5,0.0,0.0,0.0
11,Occupancy.csv,,0.0,,RandomForestClassifier,0.7682,0.0108,0.0,0.0,0.0
12,Occupancy.csv,,0.0,,ExtraTreesClassifier,0.7682,0.0135,0.0,0.0,0.0
13,Occupancy.csv,,0.0,,GradientBoostingClassifier,0.7682,0.5,0.0,0.0,0.0
14,Occupancy.csv,,0.0,,CatBoostClassifier,0.7682,0.0079,0.0,0.0,0.0
15,Occupancy.csv,Missing,0.2,Temperature,KNeighborsClassifier,0.9888,0.455,0.9864,0.9661,0.9761
16,Occupancy.csv,Missing,0.2,Temperature,LogisticRegression,0.9869,0.0398,0.9811,0.9629,0.9719
17,Occupancy.csv,Missing,0.2,Temperature,MLPClassifier,0.9893,0.1236,0.9948,0.9605,0.9773
18,Occupancy.csv,Missing,0.2,Temperature,SGDClassifier,0.9647,,0.8804,0.9644,0.9205
19,Occupancy.csv,Missing,0.2,Temperature,GaussianNB,0.7692,0.4717,0.0052,0.8333,0.0104
20,Occupancy.csv,Missing,0.2,Temperature,RidgeClassifier,0.7682,,0.001,0.5,0.0021
21,Occupancy.csv,Missing,0.2,Temperature,DecisionTreeClassifier,0.7682,0.5,0.0,0.0,0.0
22,Occupancy.csv,Missing,0.2,Temperature,QuadraticDiscriminantAnalysis,0.7682,0.5,0.0,0.0,0.0
23,Occupancy.csv,Missing,0.2,Temperature,AdaBoostClassifier,0.7682,0.5,0.0,0.0,0.0
24,Occupancy.csv,Missing,0.2,Temperature,LinearDiscriminantAnalysis,0.7682,0.5,0.0,0.0,0.0
25,Occupancy.csv,Missing,0.2,Temperature,DummyClassifier,0.7682,0.5,0.0,0.0,0.0
26,Occupancy.csv,Missing,0.2,Temperature,RandomForestClassifier,0.7682,0.0058,0.0,0.0,0.0
27,Occupancy.csv,Missing,0.2,Temperature,ExtraTreesClassifier,0.7682,0.0342,0.0,0.0,0.0
28,Occupancy.csv,Missing,0.2,Temperature,GradientBoostingClassifier,0.7682,0.5,0.0,0.0,0.0
29,Occupancy.csv,Missing,0.2,Temperature,CatBoostClassifier,0.7682,0.0127,0.0,0.0,0.0
30,Occupancy.csv,Missing,0.4,Temperature,KNeighborsClassifier,0.9888,0.455,0.9864,0.9661,0.9761
31,Occupancy.csv,Missing,0.4,Temperature,LogisticRegression,0.9866,0.0341,0.979,0.9638,0.9714
32,Occupancy.csv,Missing,0.4,Temperature,SGDClassifier,0.9888,,0.9948,0.9585,0.9763
33,Occupancy.csv,Missing,0.4,Temperature,MLPClassifier,0.9893,0.1274,0.9958,0.9596,0.9773
34,Occupancy.csv,Missing,0.4,Temperature,GaussianNB,0.7699,0.4701,0.0084,0.8889,0.0166
35,Occupancy.csv,Missing,0.4,Temperature,RidgeClassifier,0.7682,,0.001,0.5,0.0021
36,Occupancy.csv,Missing,0.4,Temperature,DecisionTreeClassifier,0.7682,0.5,0.0,0.0,0.0
37,Occupancy.csv,Missing,0.4,Temperature,QuadraticDiscriminantAnalysis,0.7682,0.5,0.0,0.0,0.0
38,Occupancy.csv,Missing,0.4,Temperature,AdaBoostClassifier,0.7682,0.5,0.0,0.0,0.0
39,Occupancy.csv,Missing,0.4,Temperature,LinearDiscriminantAnalysis,0.7682,0.5,0.0,0.0,0.0
40,Occupancy.csv,Missing,0.4,Temperature,DummyClassifier,0.7682,0.5,0.0,0.0,0.0
41,Occupancy.csv,Missing,0.4,Temperature,RandomForestClassifier,0.7682,0.0087,0.0,0.0,0.0
42,Occupancy.csv,Missing,0.4,Temperature,ExtraTreesClassifier,0.7682,0.0349,0.0,0.0,0.0
43,Occupancy.csv,Missing,0.4,Temperature,GradientBoostingClassifier,0.7682,0.5,0.0,0.0,0.0
44,Occupancy.csv,Missing,0.4,Temperature,CatBoostClassifier,0.7682,0.0122,0.0,0.0,0.0
45,Occupancy.csv,Missing,0.6,Temperature,KNeighborsClassifier,0.9888,0.455,0.9864,0.9661,0.9761
46,Occupancy.csv,Missing,0.6,Temperature,LogisticRegression,0.9861,0.0286,0.9727,0.9676,0.9702
47,Occupancy.csv,Missing,0.6,Temperature,MLPClassifier,0.9796,0.1531,0.9958,0.9223,0.9576
48,Occupancy.csv,Missing,0.6,Temperature,SGDClassifier,0.9895,,0.9948,0.9615,0.9778
49,Occupancy.csv,Missing,0.6,Temperature,GaussianNB,0.7733,0.4683,0.0231,0.9565,0.0451
50,Occupancy.csv,Missing,0.6,Temperature,RidgeClassifier,0.768,,0.0,0.0,0.0
51,Occupancy.csv,Missing,0.6,Temperature,DecisionTreeClassifier,0.7682,0.5,0.0,0.0,0.0
52,Occupancy.csv,Missing,0.6,Temperature,QuadraticDiscriminantAnalysis,0.7682,0.5,0.0,0.0,0.0
53,Occupancy.csv,Missing,0.6,Temperature,AdaBoostClassifier,0.7682,0.5,0.0,0.0,0.0
54,Occupancy.csv,Missing,0.6,Temperature,LinearDiscriminantAnalysis,0.7682,0.5,0.0,0.0,0.0
55,Occupancy.csv,Missing,0.6,Temperature,DummyClassifier,0.7682,0.5,0.0,0.0,0.0
56,Occupancy.csv,Missing,0.6,Temperature,RandomForestClassifier,0.7682,0.0063,0.0,0.0,0.0
57,Occupancy.csv,Missing,0.6,Temperature,ExtraTreesClassifier,0.7682,0.0191,0.0,0.0,0.0
58,Occupancy.csv,Missing,0.6,Temperature,GradientBoostingClassifier,0.7682,0.5,0.0,0.0,0.0
59,Occupancy.csv,Missing,0.6,Temperature,CatBoostClassifier,0.7682,0.0146,0.0,0.0,0.0
60,Occupancy.csv,Missing,0.8,Temperature,KNeighborsClassifier,0.9888,0.455,0.9864,0.9661,0.9761
61,Occupancy.csv,Missing,0.8,Temperature,LogisticRegression,0.9839,0.0237,0.9612,0.9693,0.9652
62,Occupancy.csv,Missing,0.8,Temperature,MLPClassifier,0.9898,0.0985,0.9948,0.9624,0.9783
63,Occupancy.csv,Missing,0.8,Temperature,SGDClassifier,0.9893,,0.9948,0.9605,0.9773
64,Occupancy.csv,Missing,0.8,Temperature,GaussianNB,0.7806,0.4637,0.0546,0.9811,0.1034
65,Occupancy.csv,Missing,0.8,Temperature,RidgeClassifier,0.768,,0.0,0.0,0.0
66,Occupancy.csv,Missing,0.8,Temperature,DecisionTreeClassifier,0.7682,0.5,0.0,0.0,0.0
67,Occupancy.csv,Missing,0.8,Temperature,QuadraticDiscriminantAnalysis,0.7682,0.5,0.0,0.0,0.0
68,Occupancy.csv,Missing,0.8,Temperature,AdaBoostClassifier,0.7682,0.5,0.0,0.0,0.0
69,Occupancy.csv,Missing,0.8,Temperature,LinearDiscriminantAnalysis,0.7682,0.5,0.0,0.0,0.0
70,Occupancy.csv,Missing,0.8,Temperature,DummyClassifier,0.7682,0.5,0.0,0.0,0.0
71,Occupancy.csv,Missing,0.8,Temperature,RandomForestClassifier,0.7682,0.0065,0.0,0.0,0.0
72,Occupancy.csv,Missing,0.8,Temperature,ExtraTreesClassifier,0.7682,0.0147,0.0,0.0,0.0
73,Occupancy.csv,Missing,0.8,Temperature,GradientBoostingClassifier,0.7682,0.5,0.0,0.0,0.0
74,Occupancy.csv,Missing,0.8,Temperature,CatBoostClassifier,0.7682,0.0288,0.0,0.0,0.0
75,Occupancy.csv,Missing,0.2,Humidity,KNeighborsClassifier,0.9886,0.4543,0.9853,0.966,0.9756
76,Occupancy.csv,Missing,0.2,Humidity,LogisticRegression,0.983,0.023,0.957,0.9692,0.963
77,Occupancy.csv,Missing,0.2,Humidity,SGDClassifier,0.9837,,0.9633,0.9663,0.9648
78,Occupancy.csv,Missing,0.2,Humidity,MLPClassifier,0.9869,0.1537,0.9958,0.9499,0.9723
79,Occupancy.csv,Missing,0.2,Humidity,GaussianNB,0.7806,0.4637,0.0546,0.9811,0.1034
80,Occupancy.csv,Missing,0.2,Humidity,RidgeClassifier,0.768,,0.0,0.0,0.0
81,Occupancy.csv,Missing,0.2,Humidity,DecisionTreeClassifier,0.7682,0.5,0.0,0.0,0.0
82,Occupancy.csv,Missing,0.2,Humidity,QuadraticDiscriminantAnalysis,0.7682,0.5,0.0,0.0,0.0
83,Occupancy.csv,Missing,0.2,Humidity,AdaBoostClassifier,0.7682,0.5,0.0,0.0,0.0
84,Occupancy.csv,Missing,0.2,Humidity,LinearDiscriminantAnalysis,0.7682,0.5,0.0,0.0,0.0
85,Occupancy.csv,Missing,0.2,Humidity,DummyClassifier,0.7682,0.5,0.0,0.0,0.0
86,Occupancy.csv,Missing,0.2,Humidity,RandomForestClassifier,0.7682,0.0077,0.0,0.0,0.0
87,Occupancy.csv,Missing,0.2,Humidity,ExtraTreesClassifier,0.7682,0.0243,0.0,0.0,0.0
88,Occupancy.csv,Missing,0.2,Humidity,GradientBoostingClassifier,0.7682,0.5,0.0,0.0,0.0
89,Occupancy.csv,Missing,0.2,Humidity,CatBoostClassifier,0.7682,0.0226,0.0,0.0,0.0
90,Occupancy.csv,Missing,0.4,Humidity,KNeighborsClassifier,0.9888,0.4526,0.9864,0.9661,0.9761
91,Occupancy.csv,Missing,0.4,Humidity,LogisticRegression,0.983,0.0322,0.9633,0.9633,0.9633
92,Occupancy.csv,Missing,0.4,Humidity,MLPClassifier,0.9898,0.0644,0.9937,0.9634,0.9783
93,Occupancy.csv,Missing,0.4,Humidity,SGDClassifier,0.9864,,0.9748,0.9667,0.9707
94,Occupancy.csv,Missing,0.4,Humidity,GaussianNB,0.7806,0.4637,0.0546,0.9811,0.1034
95,Occupancy.csv,Missing,0.4,Humidity,RidgeClassifier,0.768,,0.0,0.0,0.0
96,Occupancy.csv,Missing,0.4,Humidity,DecisionTreeClassifier,0.7682,0.5,0.0,0.0,0.0
97,Occupancy.csv,Missing,0.4,Humidity,QuadraticDiscriminantAnalysis,0.7682,0.5,0.0,0.0,0.0
98,Occupancy.csv,Missing,0.4,Humidity,AdaBoostClassifier,0.7682,0.5,0.0,0.0,0.0
99,Occupancy.csv,Missing,0.4,Humidity,LinearDiscriminantAnalysis,0.7682,0.5,0.0,0.0,0.0
100,Occupancy.csv,Missing,0.4,Humidity,DummyClassifier,0.7682,0.5,0.0,0.0,0.0
101,Occupancy.csv,Missing,0.4,Humidity,RandomForestClassifier,0.7682,0.0146,0.0,0.0,0.0
102,Occupancy.csv,Missing,0.4,Humidity,ExtraTreesClassifier,0.7682,0.0093,0.0,0.0,0.0
103,Occupancy.csv,Missing,0.4,Humidity,GradientBoostingClassifier,0.7682,0.5,0.0,0.0,0.0
104,Occupancy.csv,Missing,0.4,Humidity,CatBoostClassifier,0.7682,0.0232,0.0,0.0,0.0
105,Occupancy.csv,Missing,0.6,Humidity,KNeighborsClassifier,0.9886,0.4531,0.9853,0.966,0.9756
106,Occupancy.csv,Missing,0.6,Humidity,LogisticRegression,0.9815,0.0224,0.9507,0.969,0.9597
107,Occupancy.csv,Missing,0.6,Humidity,MLPClassifier,0.9825,0.1325,0.9958,0.9331,0.9635
108,Occupancy.csv,Missing,0.6,Humidity,SGDClassifier,0.9815,,0.9528,0.967,0.9598
109,Occupancy.csv,Missing,0.6,Humidity,GaussianNB,0.7806,0.4637,0.0546,0.9811,0.1034
110,Occupancy.csv,Missing,0.6,Humidity,RidgeClassifier,0.768,,0.0,0.0,0.0
111,Occupancy.csv,Missing,0.6,Humidity,DecisionTreeClassifier,0.7682,0.5,0.0,0.0,0.0
112,Occupancy.csv,Missing,0.6,Humidity,QuadraticDiscriminantAnalysis,0.7682,0.5,0.0,0.0,0.0
113,Occupancy.csv,Missing,0.6,Humidity,AdaBoostClassifier,0.7682,0.5,0.0,0.0,0.0
114,Occupancy.csv,Missing,0.6,Humidity,LinearDiscriminantAnalysis,0.7682,0.5,0.0,0.0,0.0
115,Occupancy.csv,Missing,0.6,Humidity,DummyClassifier,0.7682,0.5,0.0,0.0,0.0
116,Occupancy.csv,Missing,0.6,Humidity,RandomForestClassifier,0.7682,0.0057,0.0,0.0,0.0
117,Occupancy.csv,Missing,0.6,Humidity,ExtraTreesClassifier,0.7682,0.0152,0.0,0.0,0.0
118,Occupancy.csv,Missing,0.6,Humidity,GradientBoostingClassifier,0.7682,0.5,0.0,0.0,0.0
119,Occupancy.csv,Missing,0.6,Humidity,CatBoostClassifier,0.7682,0.032,0.0,0.0,0.0
120,Occupancy.csv,Missing,0.8,Humidity,KNeighborsClassifier,0.9886,0.4521,0.9853,0.966,0.9756
121,Occupancy.csv,Missing,0.8,Humidity,LogisticRegression,0.9827,0.0231,0.9559,0.9691,0.9625
122,Occupancy.csv,Missing,0.8,Humidity,MLPClassifier,0.9864,0.0561,0.9916,0.9517,0.9712
123,Occupancy.csv,Missing,0.8,Humidity,SGDClassifier,0.9788,,0.9895,0.9245,0.9559
124,Occupancy.csv,Missing,0.8,Humidity,GaussianNB,0.7804,0.4637,0.0535,0.9808,0.1015
125,Occupancy.csv,Missing,0.8,Humidity,RidgeClassifier,0.768,,0.0,0.0,0.0
126,Occupancy.csv,Missing,0.8,Humidity,DecisionTreeClassifier,0.7682,0.5,0.0,0.0,0.0
127,Occupancy.csv,Missing,0.8,Humidity,QuadraticDiscriminantAnalysis,0.7682,0.5,0.0,0.0,0.0
128,Occupancy.csv,Missing,0.8,Humidity,AdaBoostClassifier,0.7682,0.5,0.0,0.0,0.0
129,Occupancy.csv,Missing,0.8,Humidity,LinearDiscriminantAnalysis,0.7682,0.5,0.0,0.0,0.0
130,Occupancy.csv,Missing,0.8,Humidity,DummyClassifier,0.7682,0.5,0.0,0.0,0.0
131,Occupancy.csv,Missing,0.8,Humidity,RandomForestClassifier,0.7682,0.0063,0.0,0.0,0.0
132,Occupancy.csv,Missing,0.8,Humidity,ExtraTreesClassifier,0.7682,0.0063,0.0,0.0,0.0
133,Occupancy.csv,Missing,0.8,Humidity,GradientBoostingClassifier,0.7682,0.5,0.0,0.0,0.0
134,Occupancy.csv,Missing,0.8,Humidity,CatBoostClassifier,0.7682,0.0281,0.0,0.0,0.0
135,Occupancy.csv,Missing,0.2,Light,KNeighborsClassifier,0.9874,0.4501,0.9811,0.9649,0.9729
136,Occupancy.csv,Missing,0.2,Light,MLPClassifier,0.9791,0.0616,0.9465,0.9626,0.9545
137,Occupancy.csv,Missing,0.2,Light,LogisticRegression,0.9618,0.0215,0.8636,0.9682,0.9129
138,Occupancy.csv,Missing,0.2,Light,SGDClassifier,0.9684,,0.9969,0.8821,0.936
139,Occupancy.csv,Missing,0.2,Light,GaussianNB,0.7748,0.4711,0.0294,0.9655,0.057
140,Occupancy.csv,Missing,0.2,Light,RidgeClassifier,0.7682,,0.0,0.0,0.0
141,Occupancy.csv,Missing,0.2,Light,DecisionTreeClassifier,0.7682,0.5,0.0,0.0,0.0
142,Occupancy.csv,Missing,0.2,Light,QuadraticDiscriminantAnalysis,0.7682,0.5,0.0,0.0,0.0
143,Occupancy.csv,Missing,0.2,Light,AdaBoostClassifier,0.7682,0.5,0.0,0.0,0.0
144,Occupancy.csv,Missing,0.2,Light,LinearDiscriminantAnalysis,0.7682,0.5,0.0,0.0,0.0
145,Occupancy.csv,Missing,0.2,Light,DummyClassifier,0.7682,0.5,0.0,0.0,0.0
146,Occupancy.csv,Missing,0.2,Light,RandomForestClassifier,0.7682,0.0067,0.0,0.0,0.0
147,Occupancy.csv,Missing,0.2,Light,ExtraTreesClassifier,0.7682,0.0938,0.0,0.0,0.0
148,Occupancy.csv,Missing,0.2,Light,GradientBoostingClassifier,0.7682,0.5,0.0,0.0,0.0
149,Occupancy.csv,Missing,0.2,Light,CatBoostClassifier,0.7682,0.0719,0.0,0.0,0.0
150,Occupancy.csv,Missing,0.4,Light,KNeighborsClassifier,0.9871,0.4515,0.9853,0.9601,0.9726
151,Occupancy.csv,Missing,0.4,Light,MLPClassifier,0.9776,0.26,0.9969,0.9143,0.9538
152,Occupancy.csv,Missing,0.4,Light,LogisticRegression,0.9582,0.02,0.8478,0.9677,0.9038
153,Occupancy.csv,Missing,0.4,Light,SGDClassifier,0.9669,,0.9969,0.8772,0.9332
154,Occupancy.csv,Missing,0.4,Light,GaussianNB,0.7746,0.4709,0.0283,0.9643,0.055
155,Occupancy.csv,Missing,0.4,Light,DecisionTreeClassifier,0.7682,0.5,0.0,0.0,0.0
156,Occupancy.csv,Missing,0.4,Light,RidgeClassifier,0.7682,,0.0,0.0,0.0
157,Occupancy.csv,Missing,0.4,Light,QuadraticDiscriminantAnalysis,0.7682,0.5,0.0,0.0,0.0
158,Occupancy.csv,Missing,0.4,Light,AdaBoostClassifier,0.7682,0.5,0.0,0.0,0.0
159,Occupancy.csv,Missing,0.4,Light,LinearDiscriminantAnalysis,0.7682,0.5,0.0,0.0,0.0
160,Occupancy.csv,Missing,0.4,Light,DummyClassifier,0.7682,0.5,0.0,0.0,0.0
161,Occupancy.csv,Missing,0.4,Light,RandomForestClassifier,0.7682,0.0053,0.0,0.0,0.0
162,Occupancy.csv,Missing,0.4,Light,ExtraTreesClassifier,0.7682,0.078,0.0,0.0,0.0
163,Occupancy.csv,Missing,0.4,Light,GradientBoostingClassifier,0.7682,0.5,0.0,0.0,0.0
164,Occupancy.csv,Missing,0.4,Light,CatBoostClassifier,0.7682,0.0754,0.0,0.0,0.0
165,Occupancy.csv,Missing,0.6,Light,KNeighborsClassifier,0.9883,0.4496,0.9885,0.9622,0.9752
166,Occupancy.csv,Missing,0.6,Light,LogisticRegression,0.9582,0.02,0.8478,0.9677,0.9038
167,Occupancy.csv,Missing,0.6,Light,MLPClassifier,0.8084,0.0103,0.1773,0.9769,0.3002
168,Occupancy.csv,Missing,0.6,Light,SGDClassifier,0.8018,,0.1574,0.9259,0.2691
169,Occupancy.csv,Missing,0.6,Light,GaussianNB,0.7814,0.4704,0.0577,0.9821,0.109
170,Occupancy.csv,Missing,0.6,Light,DecisionTreeClassifier,0.7682,0.5,0.0,0.0,0.0
171,Occupancy.csv,Missing,0.6,Light,RidgeClassifier,0.7682,,0.0,0.0,0.0
172,Occupancy.csv,Missing,0.6,Light,QuadraticDiscriminantAnalysis,0.7682,0.5,0.0,0.0,0.0
173,Occupancy.csv,Missing,0.6,Light,AdaBoostClassifier,0.7682,0.5,0.0,0.0,0.0
174,Occupancy.csv,Missing,0.6,Light,LinearDiscriminantAnalysis,0.7682,0.5,0.0,0.0,0.0
175,Occupancy.csv,Missing,0.6,Light,DummyClassifier,0.7682,0.5,0.0,0.0,0.0
176,Occupancy.csv,Missing,0.6,Light,RandomForestClassifier,0.7682,0.0054,0.0,0.0,0.0
177,Occupancy.csv,Missing,0.6,Light,ExtraTreesClassifier,0.7682,0.0076,0.0,0.0,0.0
178,Occupancy.csv,Missing,0.6,Light,GradientBoostingClassifier,0.7682,0.5,0.0,0.0,0.0
179,Occupancy.csv,Missing,0.6,Light,CatBoostClassifier,0.7682,0.0112,0.0,0.0,0.0
180,Occupancy.csv,Missing,0.8,Light,KNeighborsClassifier,0.9874,0.4303,0.9895,0.9574,0.9732
181,Occupancy.csv,Missing,0.8,Light,SGDClassifier,0.8203,,0.2413,0.935,0.3837
182,Occupancy.csv,Missing,0.8,Light,LogisticRegression,0.9805,0.0375,0.9475,0.9678,0.9576
183,Occupancy.csv,Missing,0.8,Light,MLPClassifier,0.8424,0.0398,0.3232,0.9904,0.4873
184,Occupancy.csv,Missing,0.8,Light,GaussianNB,0.7892,0.4675,0.0997,0.9135,0.1798
185,Occupancy.csv,Missing,0.8,Light,DecisionTreeClassifier,0.7682,0.5,0.0,0.0,0.0
186,Occupancy.csv,Missing,0.8,Light,RidgeClassifier,0.7682,,0.0,0.0,0.0
187,Occupancy.csv,Missing,0.8,Light,QuadraticDiscriminantAnalysis,0.7682,0.5,0.0,0.0,0.0
188,Occupancy.csv,Missing,0.8,Light,AdaBoostClassifier,0.7682,0.5,0.0,0.0,0.0
189,Occupancy.csv,Missing,0.8,Light,LinearDiscriminantAnalysis,0.7682,0.5,0.0,0.0,0.0
190,Occupancy.csv,Missing,0.8,Light,DummyClassifier,0.7682,0.5,0.0,0.0,0.0
191,Occupancy.csv,Missing,0.8,Light,RandomForestClassifier,0.7682,0.0053,0.0,0.0,0.0
192,Occupancy.csv,Missing,0.8,Light,ExtraTreesClassifier,0.7682,0.0145,0.0,0.0,0.0
193,Occupancy.csv,Missing,0.8,Light,GradientBoostingClassifier,0.7682,0.5,0.0,0.0,0.0
194,Occupancy.csv,Missing,0.8,Light,CatBoostClassifier,0.7682,0.0074,0.0,0.0,0.0
195,Occupancy.csv,Missing,0.2,CO2,KNeighborsClassifier,0.9874,0.4307,0.9895,0.9574,0.9732
196,Occupancy.csv,Missing,0.2,CO2,LogisticRegression,0.9818,0.0381,0.9528,0.968,0.9603
197,Occupancy.csv,Missing,0.2,CO2,SGDClassifier,0.9628,,0.9969,0.8636,0.9255
198,Occupancy.csv,Missing,0.2,CO2,MLPClassifier,0.8857,0.0459,0.5247,0.9671,0.6803
199,Occupancy.csv,Missing,0.2,CO2,GaussianNB,0.7833,0.4839,0.0714,0.9189,0.1324
200,Occupancy.csv,Missing,0.2,CO2,DecisionTreeClassifier,0.7682,0.5,0.0,0.0,0.0
201,Occupancy.csv,Missing,0.2,CO2,RidgeClassifier,0.7682,,0.0,0.0,0.0
202,Occupancy.csv,Missing,0.2,CO2,QuadraticDiscriminantAnalysis,0.7682,0.5,0.0,0.0,0.0
203,Occupancy.csv,Missing,0.2,CO2,AdaBoostClassifier,0.7682,0.5,0.0,0.0,0.0
204,Occupancy.csv,Missing,0.2,CO2,LinearDiscriminantAnalysis,0.7682,0.5,0.0,0.0,0.0
205,Occupancy.csv,Missing,0.2,CO2,DummyClassifier,0.7682,0.5,0.0,0.0,0.0
206,Occupancy.csv,Missing,0.2,CO2,RandomForestClassifier,0.7682,0.0052,0.0,0.0,0.0
207,Occupancy.csv,Missing,0.2,CO2,ExtraTreesClassifier,0.7682,0.014,0.0,0.0,0.0
208,Occupancy.csv,Missing,0.2,CO2,GradientBoostingClassifier,0.7682,0.5,0.0,0.0,0.0
209,Occupancy.csv,Missing,0.2,CO2,CatBoostClassifier,0.7682,0.0081,0.0,0.0,0.0
210,Occupancy.csv,Missing,0.4,CO2,KNeighborsClassifier,0.9871,0.4309,0.9895,0.9564,0.9727
211,Occupancy.csv,Missing,0.4,CO2,LogisticRegression,0.9842,0.0384,0.9633,0.9684,0.9658
212,Occupancy.csv,Missing,0.4,CO2,MLPClassifier,0.8969,0.0479,0.5803,0.9584,0.7229
213,Occupancy.csv,Missing,0.4,CO2,SGDClassifier,0.9895,,0.9948,0.9615,0.9778
214,Occupancy.csv,Missing,0.4,CO2,GaussianNB,0.7765,0.4774,0.0367,0.9722,0.0708
215,Occupancy.csv,Missing,0.4,CO2,DecisionTreeClassifier,0.7682,0.5,0.0,0.0,0.0
216,Occupancy.csv,Missing,0.4,CO2,RidgeClassifier,0.7682,,0.0,0.0,0.0
217,Occupancy.csv,Missing,0.4,CO2,QuadraticDiscriminantAnalysis,0.7682,0.5,0.0,0.0,0.0
218,Occupancy.csv,Missing,0.4,CO2,AdaBoostClassifier,0.7682,0.5,0.0,0.0,0.0
219,Occupancy.csv,Missing,0.4,CO2,LinearDiscriminantAnalysis,0.7682,0.5,0.0,0.0,0.0
220,Occupancy.csv,Missing,0.4,CO2,DummyClassifier,0.7682,0.5,0.0,0.0,0.0
221,Occupancy.csv,Missing,0.4,CO2,RandomForestClassifier,0.7682,0.0058,0.0,0.0,0.0
222,Occupancy.csv,Missing,0.4,CO2,ExtraTreesClassifier,0.7682,0.056,0.0,0.0,0.0
223,Occupancy.csv,Missing,0.4,CO2,GradientBoostingClassifier,0.7682,0.5,0.0,0.0,0.0
224,Occupancy.csv,Missing,0.4,CO2,CatBoostClassifier,0.7682,0.0062,0.0,0.0,0.0
225,Occupancy.csv,Missing,0.6,CO2,KNeighborsClassifier,0.9869,0.431,0.9895,0.9554,0.9722
226,Occupancy.csv,Missing,0.6,CO2,LogisticRegression,0.9864,0.0372,0.9738,0.9677,0.9707
227,Occupancy.csv,Missing,0.6,CO2,MLPClassifier,0.9069,0.0584,0.618,0.9688,0.7546
228,Occupancy.csv,Missing,0.6,CO2,GaussianNB,0.7682,0.5,0.001,0.5,0.0021
229,Occupancy.csv,Missing,0.6,CO2,DecisionTreeClassifier,0.7682,0.5,0.0,0.0,0.0
230,Occupancy.csv,Missing,0.6,CO2,RidgeClassifier,0.7682,,0.0,0.0,0.0
231,Occupancy.csv,Missing,0.6,CO2,QuadraticDiscriminantAnalysis,0.7682,0.5,0.0,0.0,0.0
232,Occupancy.csv,Missing,0.6,CO2,AdaBoostClassifier,0.7682,0.5,0.0,0.0,0.0
233,Occupancy.csv,Missing,0.6,CO2,LinearDiscriminantAnalysis,0.7682,0.5,0.0,0.0,0.0
234,Occupancy.csv,Missing,0.6,CO2,DummyClassifier,0.7682,0.5,0.0,0.0,0.0
235,Occupancy.csv,Missing,0.6,CO2,RandomForestClassifier,0.7682,0.0069,0.0,0.0,0.0
236,Occupancy.csv,Missing,0.6,CO2,ExtraTreesClassifier,0.7682,0.012,0.0,0.0,0.0
237,Occupancy.csv,Missing,0.6,CO2,GradientBoostingClassifier,0.7682,0.5,0.0,0.0,0.0
238,Occupancy.csv,Missing,0.6,CO2,CatBoostClassifier,0.7682,0.0062,0.0,0.0,0.0
239,Occupancy.csv,Missing,0.6,CO2,SGDClassifier,0.9893,,0.9948,0.9605,0.9773
240,Occupancy.csv,Missing,0.8,CO2,KNeighborsClassifier,0.9886,0.4281,0.9895,0.9622,0.9757
241,Occupancy.csv,Missing,0.8,CO2,LogisticRegression,0.9886,0.0341,0.9811,0.9699,0.9755
242,Occupancy.csv,Missing,0.8,CO2,MLPClassifier,0.8981,0.0465,0.575,0.9751,0.7234
243,Occupancy.csv,Missing,0.8,CO2,GaussianNB,0.768,0.5,0.0,0.0,0.0
244,Occupancy.csv,Missing,0.8,CO2,DecisionTreeClassifier,0.7682,0.5,0.0,0.0,0.0
245,Occupancy.csv,Missing,0.8,CO2,RidgeClassifier,0.7682,,0.0,0.0,0.0
246,Occupancy.csv,Missing,0.8,CO2,QuadraticDiscriminantAnalysis,0.7682,0.5,0.0,0.0,0.0
247,Occupancy.csv,Missing,0.8,CO2,AdaBoostClassifier,0.7682,0.5,0.0,0.0,0.0
248,Occupancy.csv,Missing,0.8,CO2,LinearDiscriminantAnalysis,0.7682,0.5,0.0,0.0,0.0
249,Occupancy.csv,Missing,0.8,CO2,DummyClassifier,0.7682,0.5,0.0,0.0,0.0
250,Occupancy.csv,Missing,0.8,CO2,RandomForestClassifier,0.7682,0.0056,0.0,0.0,0.0
251,Occupancy.csv,Missing,0.8,CO2,ExtraTreesClassifier,0.7682,0.0262,0.0,0.0,0.0
252,Occupancy.csv,Missing,0.8,CO2,GradientBoostingClassifier,0.7682,0.5,0.0,0.0,0.0
253,Occupancy.csv,Missing,0.8,CO2,CatBoostClassifier,0.7682,0.008,0.0,0.0,0.0
254,Occupancy.csv,Missing,0.8,CO2,SGDClassifier,0.9574,,0.9087,0.9078,0.9082
255,Occupancy.csv,Missing,0.2,HumidityRatio,KNeighborsClassifier,0.9886,0.4281,0.9895,0.9622,0.9757
256,Occupancy.csv,Missing,0.2,HumidityRatio,LogisticRegression,0.9886,0.0341,0.9811,0.9699,0.9755
257,Occupancy.csv,Missing,0.2,HumidityRatio,MLPClassifier,0.8886,0.0756,0.5362,0.9696,0.6905
258,Occupancy.csv,Missing,0.2,HumidityRatio,GaussianNB,0.768,0.5,0.0,0.0,0.0
259,Occupancy.csv,Missing,0.2,HumidityRatio,DecisionTreeClassifier,0.7682,0.5,0.0,0.0,0.0
260,Occupancy.csv,Missing,0.2,HumidityRatio,RidgeClassifier,0.7682,,0.0,0.0,0.0
261,Occupancy.csv,Missing,0.2,HumidityRatio,QuadraticDiscriminantAnalysis,0.7682,0.5,0.0,0.0,0.0
262,Occupancy.csv,Missing,0.2,HumidityRatio,AdaBoostClassifier,0.7682,0.5,0.0,0.0,0.0
263,Occupancy.csv,Missing,0.2,HumidityRatio,LinearDiscriminantAnalysis,0.7682,0.5,0.0,0.0,0.0
264,Occupancy.csv,Missing,0.2,HumidityRatio,DummyClassifier,0.7682,0.5,0.0,0.0,0.0
265,Occupancy.csv,Missing,0.2,HumidityRatio,RandomForestClassifier,0.7682,0.0048,0.0,0.0,0.0
266,Occupancy.csv,Missing,0.2,HumidityRatio,ExtraTreesClassifier,0.7682,0.0152,0.0,0.0,0.0
267,Occupancy.csv,Missing,0.2,HumidityRatio,GradientBoostingClassifier,0.7682,0.5,0.0,0.0,0.0
268,Occupancy.csv,Missing,0.2,HumidityRatio,CatBoostClassifier,0.7682,0.0087,0.0,0.0,0.0
269,Occupancy.csv,Missing,0.2,HumidityRatio,SGDClassifier,0.9574,,0.9087,0.9078,0.9082
270,Occupancy.csv,Missing,0.4,HumidityRatio,KNeighborsClassifier,0.9886,0.4281,0.9895,0.9622,0.9757
271,Occupancy.csv,Missing,0.4,HumidityRatio,LogisticRegression,0.9886,0.0341,0.9811,0.9699,0.9755
272,Occupancy.csv,Missing,0.4,HumidityRatio,MLPClassifier,0.9433,0.5171,0.9969,0.8051,0.8908
273,Occupancy.csv,Missing,0.4,HumidityRatio,GaussianNB,0.768,0.5,0.0,0.0,0.0
274,Occupancy.csv,Missing,0.4,HumidityRatio,DecisionTreeClassifier,0.7682,0.5,0.0,0.0,0.0
275,Occupancy.csv,Missing,0.4,HumidityRatio,RidgeClassifier,0.7682,,0.0,0.0,0.0
276,Occupancy.csv,Missing,0.4,HumidityRatio,QuadraticDiscriminantAnalysis,0.7682,0.5,0.0,0.0,0.0
277,Occupancy.csv,Missing,0.4,HumidityRatio,AdaBoostClassifier,0.7682,0.5,0.0,0.0,0.0
278,Occupancy.csv,Missing,0.4,HumidityRatio,LinearDiscriminantAnalysis,0.7682,0.5,0.0,0.0,0.0
279,Occupancy.csv,Missing,0.4,HumidityRatio,DummyClassifier,0.7682,0.5,0.0,0.0,0.0
280,Occupancy.csv,Missing,0.4,HumidityRatio,RandomForestClassifier,0.7682,0.0057,0.0,0.0,0.0
281,Occupancy.csv,Missing,0.4,HumidityRatio,ExtraTreesClassifier,0.7682,0.0143,0.0,0.0,0.0
282,Occupancy.csv,Missing,0.4,HumidityRatio,GradientBoostingClassifier,0.7682,0.5,0.0,0.0,0.0
283,Occupancy.csv,Missing,0.4,HumidityRatio,CatBoostClassifier,0.7682,0.0077,0.0,0.0,0.0
284,Occupancy.csv,Missing,0.4,HumidityRatio,SGDClassifier,0.9574,,0.9087,0.9078,0.9082
285,Occupancy.csv,Missing,0.6,HumidityRatio,KNeighborsClassifier,0.9886,0.4281,0.9895,0.9622,0.9757
286,Occupancy.csv,Missing,0.6,HumidityRatio,LogisticRegression,0.9886,0.0341,0.9811,0.9699,0.9755
287,Occupancy.csv,Missing,0.6,HumidityRatio,MLPClassifier,0.8774,0.0721,0.4795,0.9828,0.6446
288,Occupancy.csv,Missing,0.6,HumidityRatio,GaussianNB,0.768,0.5,0.0,0.0,0.0
289,Occupancy.csv,Missing,0.6,HumidityRatio,DecisionTreeClassifier,0.7682,0.5,0.0,0.0,0.0
290,Occupancy.csv,Missing,0.6,HumidityRatio,RidgeClassifier,0.7682,,0.0,0.0,0.0
291,Occupancy.csv,Missing,0.6,HumidityRatio,QuadraticDiscriminantAnalysis,0.7682,0.5,0.0,0.0,0.0
292,Occupancy.csv,Missing,0.6,HumidityRatio,AdaBoostClassifier,0.7682,0.5,0.0,0.0,0.0
293,Occupancy.csv,Missing,0.6,HumidityRatio,LinearDiscriminantAnalysis,0.7682,0.5,0.0,0.0,0.0
294,Occupancy.csv,Missing,0.6,HumidityRatio,DummyClassifier,0.7682,0.5,0.0,0.0,0.0
295,Occupancy.csv,Missing,0.6,HumidityRatio,RandomForestClassifier,0.7682,0.0044,0.0,0.0,0.0
296,Occupancy.csv,Missing,0.6,HumidityRatio,ExtraTreesClassifier,0.7682,0.0247,0.0,0.0,0.0
297,Occupancy.csv,Missing,0.6,HumidityRatio,GradientBoostingClassifier,0.7682,0.5,0.0,0.0,0.0
298,Occupancy.csv,Missing,0.6,HumidityRatio,CatBoostClassifier,0.7682,0.0072,0.0,0.0,0.0
299,Occupancy.csv,Missing,0.6,HumidityRatio,SGDClassifier,0.9574,,0.9087,0.9078,0.9082
300,Occupancy.csv,Missing,0.8,HumidityRatio,KNeighborsClassifier,0.9886,0.4281,0.9895,0.9622,0.9757
301,Occupancy.csv,Missing,0.8,HumidityRatio,LogisticRegression,0.9886,0.0341,0.9811,0.9699,0.9755
302,Occupancy.csv,Missing,0.8,HumidityRatio,MLPClassifier,0.8983,0.0431,0.5803,0.9685,0.7257
303,Occupancy.csv,Missing,0.8,HumidityRatio,GaussianNB,0.768,0.5,0.0,0.0,0.0
304,Occupancy.csv,Missing,0.8,HumidityRatio,DecisionTreeClassifier,0.7682,0.5,0.0,0.0,0.0
305,Occupancy.csv,Missing,0.8,HumidityRatio,RidgeClassifier,0.7682,,0.0,0.0,0.0
306,Occupancy.csv,Missing,0.8,HumidityRatio,QuadraticDiscriminantAnalysis,0.7682,0.5,0.0,0.0,0.0
307,Occupancy.csv,Missing,0.8,HumidityRatio,AdaBoostClassifier,0.7682,0.5,0.0,0.0,0.0
308,Occupancy.csv,Missing,0.8,HumidityRatio,LinearDiscriminantAnalysis,0.7682,0.5,0.0,0.0,0.0
309,Occupancy.csv,Missing,0.8,HumidityRatio,DummyClassifier,0.7682,0.5,0.0,0.0,0.0
310,Occupancy.csv,Missing,0.8,HumidityRatio,RandomForestClassifier,0.7682,0.0057,0.0,0.0,0.0
311,Occupancy.csv,Missing,0.8,HumidityRatio,ExtraTreesClassifier,0.7682,0.0116,0.0,0.0,0.0
312,Occupancy.csv,Missing,0.8,HumidityRatio,GradientBoostingClassifier,0.7682,0.5,0.0,0.0,0.0
313,Occupancy.csv,Missing,0.8,HumidityRatio,CatBoostClassifier,0.7682,0.0075,0.0,0.0,0.0
314,Occupancy.csv,Missing,0.8,HumidityRatio,SGDClassifier,0.9574,,0.9087,0.9078,0.9082
315,Occupancy.csv,Missing,0.2,date,KNeighborsClassifier,0.9886,0.4281,0.9895,0.9622,0.9757
316,Occupancy.csv,Missing,0.2,date,LogisticRegression,0.9888,0.133,0.9916,0.9613,0.9762
317,Occupancy.csv,Missing,0.2,date,QuadraticDiscriminantAnalysis,0.93,0.6662,0.9517,0.7894,0.863
318,Occupancy.csv,Missing,0.2,date,GaussianNB,0.8952,0.9668,0.999,0.6889,0.8154
319,Occupancy.csv,Missing,0.2,date,DecisionTreeClassifier,0.7682,0.5,0.0,0.0,0.0
320,Occupancy.csv,Missing,0.2,date,RidgeClassifier,0.7682,,0.0,0.0,0.0
321,Occupancy.csv,Missing,0.2,date,AdaBoostClassifier,0.7682,0.5,0.0,0.0,0.0
322,Occupancy.csv,Missing,0.2,date,LinearDiscriminantAnalysis,0.7682,0.0536,0.0,0.0,0.0
323,Occupancy.csv,Missing,0.2,date,DummyClassifier,0.7682,0.5,0.0,0.0,0.0
324,Occupancy.csv,Missing,0.2,date,RandomForestClassifier,0.7682,0.0067,0.0,0.0,0.0
325,Occupancy.csv,Missing,0.2,date,ExtraTreesClassifier,0.7682,0.0045,0.0,0.0,0.0
326,Occupancy.csv,Missing,0.2,date,GradientBoostingClassifier,0.7682,0.5,0.0,0.0,0.0
327,Occupancy.csv,Missing,0.2,date,CatBoostClassifier,0.7682,0.0071,0.0,0.0,0.0
328,Occupancy.csv,Missing,0.2,date,MLPClassifier,0.8349,0.0071,0.298,0.966,0.4555
329,Occupancy.csv,Missing,0.2,date,SGDClassifier,0.9689,,0.9077,0.9558,0.9311
330,Occupancy.csv,Missing,0.4,date,KNeighborsClassifier,0.9886,0.4281,0.9895,0.9622,0.9757
331,Occupancy.csv,Missing,0.4,date,LogisticRegression,0.9891,0.249,0.9958,0.9586,0.9768
332,Occupancy.csv,Missing,0.4,date,MLPClassifier,0.9886,0.069,0.9885,0.9632,0.9757
333,Occupancy.csv,Missing,0.4,date,QuadraticDiscriminantAnalysis,0.8993,0.6818,0.9538,0.7107,0.8145
334,Occupancy.csv,Missing,0.4,date,GaussianNB,0.8903,0.9649,0.999,0.679,0.8085
335,Occupancy.csv,Missing,0.4,date,CatBoostClassifier,0.7704,0.0066,0.0094,1.0,0.0187
336,Occupancy.csv,Missing,0.4,date,DecisionTreeClassifier,0.7682,0.5,0.0,0.0,0.0
337,Occupancy.csv,Missing,0.4,date,RidgeClassifier,0.7682,,0.0,0.0,0.0
338,Occupancy.csv,Missing,0.4,date,AdaBoostClassifier,0.7682,0.5,0.0,0.0,0.0
339,Occupancy.csv,Missing,0.4,date,LinearDiscriminantAnalysis,0.7682,0.0067,0.0,0.0,0.0
340,Occupancy.csv,Missing,0.4,date,DummyClassifier,0.7682,0.5,0.0,0.0,0.0
341,Occupancy.csv,Missing,0.4,date,RandomForestClassifier,0.7682,0.0067,0.0,0.0,0.0
342,Occupancy.csv,Missing,0.4,date,ExtraTreesClassifier,0.7682,0.0045,0.0,0.0,0.0
343,Occupancy.csv,Missing,0.4,date,GradientBoostingClassifier,0.7682,0.5,0.0,0.0,0.0
344,Occupancy.csv,Missing,0.4,date,SGDClassifier,0.975,,0.9948,0.9063,0.9485
345,Occupancy.csv,Missing,0.6,date,KNeighborsClassifier,0.9886,0.4282,0.9895,0.9622,0.9757
346,Occupancy.csv,Missing,0.6,date,LogisticRegression,0.9869,0.4319,0.9958,0.9499,0.9723
347,Occupancy.csv,Missing,0.6,date,MLPClassifier,0.9849,0.0924,0.9843,0.9523,0.968
348,Occupancy.csv,Missing,0.6,date,GaussianNB,0.8879,0.9643,0.999,0.6742,0.8051
349,Occupancy.csv,Missing,0.6,date,QuadraticDiscriminantAnalysis,0.8808,0.7001,0.9612,0.6691,0.789
350,Occupancy.csv,Missing,0.6,date,CatBoostClassifier,0.7682,0.0063,0.0,0.0,0.0
351,Occupancy.csv,Missing,0.6,date,DecisionTreeClassifier,0.7682,0.5,0.0,0.0,0.0
352,Occupancy.csv,Missing,0.6,date,RidgeClassifier,0.768,,0.0,0.0,0.0
353,Occupancy.csv,Missing,0.6,date,AdaBoostClassifier,0.7682,0.5,0.0,0.0,0.0
354,Occupancy.csv,Missing,0.6,date,LinearDiscriminantAnalysis,0.7682,0.0066,0.0,0.0,0.0
355,Occupancy.csv,Missing,0.6,date,DummyClassifier,0.7682,0.5,0.0,0.0,0.0
356,Occupancy.csv,Missing,0.6,date,RandomForestClassifier,0.7682,0.0067,0.0,0.0,0.0
357,Occupancy.csv,Missing,0.6,date,ExtraTreesClassifier,0.7682,0.0044,0.0,0.0,0.0
358,Occupancy.csv,Missing,0.6,date,GradientBoostingClassifier,0.7682,0.5,0.0,0.0,0.0
359,Occupancy.csv,Missing,0.6,date,SGDClassifier,0.875,,0.999,0.6498,0.7874
360,Occupancy.csv,Missing,0.8,date,KNeighborsClassifier,0.9886,0.4282,0.9895,0.9622,0.9757
361,Occupancy.csv,Missing,0.8,date,RidgeClassifier,0.9891,,0.9843,0.969,0.9766
362,Occupancy.csv,Missing,0.8,date,MLPClassifier,0.9677,0.0928,0.9003,0.9576,0.9281
363,Occupancy.csv,Missing,0.8,date,LogisticRegression,0.9745,0.799,0.9958,0.9038,0.9476
364,Occupancy.csv,Missing,0.8,date,AdaBoostClassifier,0.973,0.9926,0.9958,0.8987,0.9447
365,Occupancy.csv,Missing,0.8,date,CatBoostClassifier,0.9662,0.022,0.8846,0.9667,0.9238
366,Occupancy.csv,Missing,0.8,date,ExtraTreesClassifier,0.9326,0.0256,0.7366,0.9643,0.8352
367,Occupancy.csv,Missing,0.8,date,RandomForestClassifier,0.9261,0.0076,0.6967,0.9779,0.8137
368,Occupancy.csv,Missing,0.8,date,GaussianNB,0.8874,0.9641,0.999,0.6733,0.8044
369,Occupancy.csv,Missing,0.8,date,QuadraticDiscriminantAnalysis,0.8689,0.4134,0.575,0.8035,0.6703
370,Occupancy.csv,Missing,0.8,date,DecisionTreeClassifier,0.8366,0.8017,0.7366,0.6251,0.6763
371,Occupancy.csv,Missing,0.8,date,LinearDiscriminantAnalysis,0.7682,0.0061,0.0,0.0,0.0
372,Occupancy.csv,Missing,0.8,date,DummyClassifier,0.7682,0.5,0.0,0.0,0.0
373,Occupancy.csv,Missing,0.8,date,SGDClassifier,0.9742,,0.9948,0.9037,0.9471
374,Occupancy.csv,Missing,0.8,date,GradientBoostingClassifier,0.3585,0.8899,1.0,0.2654,0.4195
375,Occupancy.csv,DuplicatedAll,0.2,Occupancy,KNeighborsClassifier,0.9891,0.4659,0.9874,0.9661,0.9766
376,Occupancy.csv,DuplicatedAll,0.2,Occupancy,LogisticRegression,0.9869,0.0357,0.9801,0.9639,0.9719
377,Occupancy.csv,DuplicatedAll,0.2,Occupancy,MLPClassifier,0.9898,0.1328,0.9948,0.9624,0.9783
378,Occupancy.csv,DuplicatedAll,0.2,Occupancy,SGDClassifier,0.9784,,0.9958,0.9178,0.9552
379,Occupancy.csv,DuplicatedAll,0.2,Occupancy,QuadraticDiscriminantAnalysis,0.9857,0.2394,0.9769,0.9618,0.9693
380,Occupancy.csv,DuplicatedAll,0.2,Occupancy,GaussianNB,0.7831,0.4327,0.0672,0.9552,0.1255
381,Occupancy.csv,DuplicatedAll,0.2,Occupancy,ExtraTreesClassifier,0.7682,0.0427,0.0,0.0,0.0
382,Occupancy.csv,DuplicatedAll,0.2,Occupancy,RidgeClassifier,0.768,,0.0,0.0,0.0
383,Occupancy.csv,DuplicatedAll,0.2,Occupancy,DecisionTreeClassifier,0.7682,0.5,0.0,0.0,0.0
384,Occupancy.csv,DuplicatedAll,0.2,Occupancy,AdaBoostClassifier,0.7682,0.5,0.0,0.0,0.0
385,Occupancy.csv,DuplicatedAll,0.2,Occupancy,LinearDiscriminantAnalysis,0.7682,0.5,0.0,0.0,0.0
386,Occupancy.csv,DuplicatedAll,0.2,Occupancy,RandomForestClassifier,0.7682,0.0106,0.0,0.0,0.0
387,Occupancy.csv,DuplicatedAll,0.2,Occupancy,GradientBoostingClassifier,0.7682,0.5,0.0,0.0,0.0
388,Occupancy.csv,DuplicatedAll,0.2,Occupancy,CatBoostClassifier,0.7682,0.0057,0.0,0.0,0.0
389,Occupancy.csv,DuplicatedAll,0.2,Occupancy,DummyClassifier,0.7682,0.5,0.0,0.0,0.0
390,Occupancy.csv,DuplicatedAll,0.4,Occupancy,KNeighborsClassifier,0.9886,0.4668,0.9843,0.967,0.9756
391,Occupancy.csv,DuplicatedAll,0.4,Occupancy,LogisticRegression,0.9825,0.0291,0.9559,0.9681,0.962
392,Occupancy.csv,DuplicatedAll,0.4,Occupancy,QuadraticDiscriminantAnalysis,0.9774,0.5129,0.9937,0.9159,0.9532
393,Occupancy.csv,DuplicatedAll,0.4,Occupancy,MLPClassifier,0.9893,0.1097,0.9927,0.9624,0.9773
394,Occupancy.csv,DuplicatedAll,0.4,Occupancy,SGDClassifier,0.9842,,0.9958,0.9396,0.9669
395,Occupancy.csv,DuplicatedAll,0.4,Occupancy,GaussianNB,0.9431,0.0795,0.7817,0.9663,0.8643
396,Occupancy.csv,DuplicatedAll,0.4,Occupancy,ExtraTreesClassifier,0.7707,0.013,0.0105,1.0,0.0208
397,Occupancy.csv,DuplicatedAll,0.4,Occupancy,LinearDiscriminantAnalysis,0.768,0.4995,0.0,0.0,0.0
398,Occupancy.csv,DuplicatedAll,0.4,Occupancy,DecisionTreeClassifier,0.7682,0.5,0.0,0.0,0.0
399,Occupancy.csv,DuplicatedAll,0.4,Occupancy,RidgeClassifier,0.7682,,0.001,0.5,0.0021
400,Occupancy.csv,DuplicatedAll,0.4,Occupancy,AdaBoostClassifier,0.7682,0.5,0.0,0.0,0.0
401,Occupancy.csv,DuplicatedAll,0.4,Occupancy,RandomForestClassifier,0.7682,0.022,0.0,0.0,0.0
402,Occupancy.csv,DuplicatedAll,0.4,Occupancy,GradientBoostingClassifier,0.7682,0.5,0.0,0.0,0.0
403,Occupancy.csv,DuplicatedAll,0.4,Occupancy,CatBoostClassifier,0.7682,0.005,0.0,0.0,0.0
404,Occupancy.csv,DuplicatedAll,0.4,Occupancy,DummyClassifier,0.7682,0.5,0.0,0.0,0.0
405,Occupancy.csv,DuplicatedAll,0.6,Occupancy,KNeighborsClassifier,0.9878,0.4699,0.9822,0.9659,0.974
406,Occupancy.csv,DuplicatedAll,0.6,Occupancy,QuadraticDiscriminantAnalysis,0.9835,0.465,0.9906,0.9412,0.9652
407,Occupancy.csv,DuplicatedAll,0.6,Occupancy,GaussianNB,0.9827,0.2166,0.9706,0.9556,0.963
408,Occupancy.csv,DuplicatedAll,0.6,Occupancy,MLPClassifier,0.9587,0.0113,0.8468,0.9711,0.9047
409,Occupancy.csv,DuplicatedAll,0.6,Occupancy,LogisticRegression,0.9742,0.0217,0.9192,0.968,0.9429
410,Occupancy.csv,DuplicatedAll,0.6,Occupancy,SGDClassifier,0.9635,,0.9948,0.8673,0.9267
411,Occupancy.csv,DuplicatedAll,0.6,Occupancy,RidgeClassifier,0.7865,,0.0818,0.963,0.1509
412,Occupancy.csv,DuplicatedAll,0.6,Occupancy,ExtraTreesClassifier,0.7743,0.0041,0.0262,1.0,0.0511
413,Occupancy.csv,DuplicatedAll,0.6,Occupancy,LinearDiscriminantAnalysis,0.7775,0.3718,0.0409,0.975,0.0785
414,Occupancy.csv,DuplicatedAll,0.6,Occupancy,DecisionTreeClassifier,0.7682,0.5,0.0,0.0,0.0
415,Occupancy.csv,DuplicatedAll,0.6,Occupancy,AdaBoostClassifier,0.7682,0.5,0.0,0.0,0.0
416,Occupancy.csv,DuplicatedAll,0.6,Occupancy,RandomForestClassifier,0.7682,0.0196,0.0,0.0,0.0
417,Occupancy.csv,DuplicatedAll,0.6,Occupancy,GradientBoostingClassifier,0.7682,0.5,0.0,0.0,0.0
418,Occupancy.csv,DuplicatedAll,0.6,Occupancy,CatBoostClassifier,0.7682,0.0069,0.0,0.0,0.0
419,Occupancy.csv,DuplicatedAll,0.6,Occupancy,DummyClassifier,0.7682,0.5,0.0,0.0,0.0
420,Occupancy.csv,DuplicatedAll,0.8,Occupancy,KNeighborsClassifier,0.9888,0.4714,0.9864,0.9661,0.9761
421,Occupancy.csv,DuplicatedAll,0.8,Occupancy,QuadraticDiscriminantAnalysis,0.9837,0.4545,0.9906,0.9421,0.9657
422,Occupancy.csv,DuplicatedAll,0.8,Occupancy,GaussianNB,0.9747,0.2971,0.9916,0.9078,0.9478
423,Occupancy.csv,DuplicatedAll,0.8,Occupancy,MLPClassifier,0.9893,0.0548,0.9916,0.9633,0.9772
424,Occupancy.csv,DuplicatedAll,0.8,Occupancy,LogisticRegression,0.9667,0.0191,0.8846,0.969,0.9248
425,Occupancy.csv,DuplicatedAll,0.8,Occupancy,SGDClassifier,0.9886,,0.9874,0.9641,0.9756
426,Occupancy.csv,DuplicatedAll,0.8,Occupancy,LinearDiscriminantAnalysis,0.8517,0.0378,0.3746,0.9623,0.5393
427,Occupancy.csv,DuplicatedAll,0.8,Occupancy,RidgeClassifier,0.8509,,0.3725,0.9595,0.5367
428,Occupancy.csv,DuplicatedAll,0.8,Occupancy,ExtraTreesClassifier,0.7736,0.0027,0.0231,1.0,0.0451
429,Occupancy.csv,DuplicatedAll,0.8,Occupancy,DecisionTreeClassifier,0.7682,0.5,0.0,0.0,0.0
430,Occupancy.csv,DuplicatedAll,0.8,Occupancy,AdaBoostClassifier,0.7682,0.5,0.0,0.0,0.0
431,Occupancy.csv,DuplicatedAll,0.8,Occupancy,RandomForestClassifier,0.7682,0.0242,0.0,0.0,0.0
432,Occupancy.csv,DuplicatedAll,0.8,Occupancy,GradientBoostingClassifier,0.7682,0.5,0.0,0.0,0.0
433,Occupancy.csv,DuplicatedAll,0.8,Occupancy,CatBoostClassifier,0.7682,0.0062,0.0,0.0,0.0
434,Occupancy.csv,DuplicatedAll,0.8,Occupancy,DummyClassifier,0.7682,0.5,0.0,0.0,0.0
0,Occupancy.csv,Outlier,0.2,Temperature,KNeighborsClassifier,0.9898,0.4495,0.9874,0.9691,0.9782
1,Occupancy.csv,Outlier,0.2,Temperature,LogisticRegression,0.9864,0.0499,0.978,0.9638,0.9709
2,Occupancy.csv,Outlier,0.2,Temperature,MLPClassifier,0.9747,0.4311,0.999,0.9025,0.9483
3,Occupancy.csv,Outlier,0.2,Temperature,SGDClassifier,0.9864,,0.9811,0.961,0.971
4,Occupancy.csv,Outlier,0.2,Temperature,GaussianNB,0.768,0.4953,0.0,0.0,0.0
5,Occupancy.csv,Outlier,0.2,Temperature,RidgeClassifier,0.768,,0.0,0.0,0.0
6,Occupancy.csv,Outlier,0.2,Temperature,DecisionTreeClassifier,0.768,0.5,0.0,0.0,0.0
7,Occupancy.csv,Outlier,0.2,Temperature,QuadraticDiscriminantAnalysis,0.768,0.5,0.0,0.0,0.0
8,Occupancy.csv,Outlier,0.2,Temperature,AdaBoostClassifier,0.768,0.5,0.0,0.0,0.0
9,Occupancy.csv,Outlier,0.2,Temperature,LinearDiscriminantAnalysis,0.768,0.5,0.0,0.0,0.0
10,Occupancy.csv,Outlier,0.2,Temperature,DummyClassifier,0.768,0.5,0.0,0.0,0.0
11,Occupancy.csv,Outlier,0.2,Temperature,RandomForestClassifier,0.768,0.0056,0.0,0.0,0.0
12,Occupancy.csv,Outlier,0.2,Temperature,ExtraTreesClassifier,0.768,0.238,0.0,0.0,0.0
13,Occupancy.csv,Outlier,0.2,Temperature,GradientBoostingClassifier,0.768,0.5,0.0,0.0,0.0
14,Occupancy.csv,Outlier,0.2,Temperature,CatBoostClassifier,0.768,0.0055,0.0,0.0,0.0
15,Occupancy.csv,Outlier,0.4,Temperature,KNeighborsClassifier,0.9898,0.4515,0.9874,0.9691,0.9782
16,Occupancy.csv,Outlier,0.4,Temperature,LogisticRegression,0.9854,0.0526,0.9738,0.9637,0.9687
17,Occupancy.csv,Outlier,0.4,Temperature,MLPClassifier,0.9735,0.1642,0.9969,0.8997,0.9458
18,Occupancy.csv,Outlier,0.4,Temperature,SGDClassifier,0.9757,,0.9979,0.9067,0.9501
19,Occupancy.csv,Outlier,0.4,Temperature,GaussianNB,0.768,0.4979,0.0,0.0,0.0
20,Occupancy.csv,Outlier,0.4,Temperature,RidgeClassifier,0.768,,0.0,0.0,0.0
21,Occupancy.csv,Outlier,0.4,Temperature,DecisionTreeClassifier,0.768,0.5,0.0,0.0,0.0
22,Occupancy.csv,Outlier,0.4,Temperature,QuadraticDiscriminantAnalysis,0.768,0.5,0.0,0.0,0.0
23,Occupancy.csv,Outlier,0.4,Temperature,AdaBoostClassifier,0.768,0.5,0.0,0.0,0.0
24,Occupancy.csv,Outlier,0.4,Temperature,LinearDiscriminantAnalysis,0.768,0.5,0.0,0.0,0.0
25,Occupancy.csv,Outlier,0.4,Temperature,DummyClassifier,0.768,0.5,0.0,0.0,0.0
26,Occupancy.csv,Outlier,0.4,Temperature,RandomForestClassifier,0.768,0.0058,0.0,0.0,0.0
27,Occupancy.csv,Outlier,0.4,Temperature,ExtraTreesClassifier,0.768,0.3091,0.0,0.0,0.0
28,Occupancy.csv,Outlier,0.4,Temperature,GradientBoostingClassifier,0.768,0.5,0.0,0.0,0.0
29,Occupancy.csv,Outlier,0.4,Temperature,CatBoostClassifier,0.768,0.0062,0.0,0.0,0.0
30,Occupancy.csv,Outlier,0.6,Temperature,KNeighborsClassifier,0.9893,0.4504,0.9853,0.9691,0.9771
31,Occupancy.csv,Outlier,0.6,Temperature,LogisticRegression,0.9854,0.0535,0.9738,0.9637,0.9687
32,Occupancy.csv,Outlier,0.6,Temperature,MLPClassifier,0.9888,0.0417,0.9958,0.9577,0.9764
33,Occupancy.csv,Outlier,0.6,Temperature,SGDClassifier,0.9805,,0.9979,0.9243,0.9597
34,Occupancy.csv,Outlier,0.6,Temperature,GaussianNB,0.768,0.4984,0.0,0.0,0.0
35,Occupancy.csv,Outlier,0.6,Temperature,RidgeClassifier,0.768,,0.0,0.0,0.0
36,Occupancy.csv,Outlier,0.6,Temperature,DecisionTreeClassifier,0.768,0.5,0.0,0.0,0.0
37,Occupancy.csv,Outlier,0.6,Temperature,QuadraticDiscriminantAnalysis,0.768,0.5,0.0,0.0,0.0
38,Occupancy.csv,Outlier,0.6,Temperature,AdaBoostClassifier,0.768,0.5,0.0,0.0,0.0
39,Occupancy.csv,Outlier,0.6,Temperature,LinearDiscriminantAnalysis,0.768,0.5,0.0,0.0,0.0
40,Occupancy.csv,Outlier,0.6,Temperature,DummyClassifier,0.768,0.5,0.0,0.0,0.0
41,Occupancy.csv,Outlier,0.6,Temperature,RandomForestClassifier,0.768,0.0059,0.0,0.0,0.0
42,Occupancy.csv,Outlier,0.6,Temperature,ExtraTreesClassifier,0.768,0.4075,0.0,0.0,0.0
43,Occupancy.csv,Outlier,0.6,Temperature,GradientBoostingClassifier,0.768,0.5,0.0,0.0,0.0
44,Occupancy.csv,Outlier,0.6,Temperature,CatBoostClassifier,0.768,0.0062,0.0,0.0,0.0
45,Occupancy.csv,Outlier,0.8,Temperature,KNeighborsClassifier,0.9893,0.4498,0.9853,0.9691,0.9771
46,Occupancy.csv,Outlier,0.8,Temperature,LogisticRegression,0.9854,0.0538,0.9738,0.9637,0.9687
47,Occupancy.csv,Outlier,0.8,Temperature,MLPClassifier,0.9725,0.1435,0.9979,0.8956,0.944
48,Occupancy.csv,Outlier,0.8,Temperature,SGDClassifier,0.9869,,0.9843,0.9601,0.972
49,Occupancy.csv,Outlier,0.8,Temperature,GaussianNB,0.768,0.4984,0.0,0.0,0.0
50,Occupancy.csv,Outlier,0.8,Temperature,RidgeClassifier,0.768,,0.0,0.0,0.0
51,Occupancy.csv,Outlier,0.8,Temperature,DecisionTreeClassifier,0.768,0.5,0.0,0.0,0.0
52,Occupancy.csv,Outlier,0.8,Temperature,QuadraticDiscriminantAnalysis,0.768,0.5,0.0,0.0,0.0
53,Occupancy.csv,Outlier,0.8,Temperature,AdaBoostClassifier,0.768,0.5,0.0,0.0,0.0
54,Occupancy.csv,Outlier,0.8,Temperature,LinearDiscriminantAnalysis,0.768,0.5,0.0,0.0,0.0
55,Occupancy.csv,Outlier,0.8,Temperature,DummyClassifier,0.768,0.5,0.0,0.0,0.0
56,Occupancy.csv,Outlier,0.8,Temperature,RandomForestClassifier,0.768,0.0062,0.0,0.0,0.0
57,Occupancy.csv,Outlier,0.8,Temperature,ExtraTreesClassifier,0.768,0.1957,0.0,0.0,0.0
58,Occupancy.csv,Outlier,0.8,Temperature,GradientBoostingClassifier,0.768,0.5,0.0,0.0,0.0
59,Occupancy.csv,Outlier,0.8,Temperature,CatBoostClassifier,0.768,0.0063,0.0,0.0,0.0
60,Occupancy.csv,Outlier,0.2,Humidity,KNeighborsClassifier,0.9895,0.4444,0.9864,0.9691,0.9777
61,Occupancy.csv,Outlier,0.2,Humidity,LogisticRegression,0.9844,0.0496,0.9686,0.9645,0.9665
62,Occupancy.csv,Outlier,0.2,Humidity,MLPClassifier,0.975,0.144,0.9969,0.9049,0.9486
63,Occupancy.csv,Outlier,0.2,Humidity,SGDClassifier,0.9759,,0.9979,0.9075,0.9506
64,Occupancy.csv,Outlier,0.2,Humidity,GaussianNB,0.768,0.4984,0.0,0.0,0.0
65,Occupancy.csv,Outlier,0.2,Humidity,RidgeClassifier,0.768,,0.0,0.0,0.0
66,Occupancy.csv,Outlier,0.2,Humidity,DecisionTreeClassifier,0.768,0.5,0.0,0.0,0.0
67,Occupancy.csv,Outlier,0.2,Humidity,QuadraticDiscriminantAnalysis,0.768,0.5,0.0,0.0,0.0
68,Occupancy.csv,Outlier,0.2,Humidity,AdaBoostClassifier,0.768,0.5,0.0,0.0,0.0
69,Occupancy.csv,Outlier,0.2,Humidity,LinearDiscriminantAnalysis,0.768,0.5,0.0,0.0,0.0
70,Occupancy.csv,Outlier,0.2,Humidity,DummyClassifier,0.768,0.5,0.0,0.0,0.0
71,Occupancy.csv,Outlier,0.2,Humidity,RandomForestClassifier,0.768,0.0073,0.0,0.0,0.0
72,Occupancy.csv,Outlier,0.2,Humidity,ExtraTreesClassifier,0.768,0.3625,0.0,0.0,0.0
73,Occupancy.csv,Outlier,0.2,Humidity,GradientBoostingClassifier,0.768,0.5,0.0,0.0,0.0
74,Occupancy.csv,Outlier,0.2,Humidity,CatBoostClassifier,0.768,0.022,0.0,0.0,0.0
75,Occupancy.csv,Outlier,0.4,Humidity,KNeighborsClassifier,0.9893,0.4476,0.9864,0.9681,0.9772
76,Occupancy.csv,Outlier,0.4,Humidity,LogisticRegression,0.9844,0.0486,0.9686,0.9645,0.9665
77,Occupancy.csv,Outlier,0.4,Humidity,MLPClassifier,0.9762,0.1557,0.9969,0.9092,0.951
78,Occupancy.csv,Outlier,0.4,Humidity,SGDClassifier,0.9869,,0.9979,0.9482,0.9724
79,Occupancy.csv,Outlier,0.4,Humidity,GaussianNB,0.768,0.4984,0.0,0.0,0.0
80,Occupancy.csv,Outlier,0.4,Humidity,RidgeClassifier,0.768,,0.0,0.0,0.0
81,Occupancy.csv,Outlier,0.4,Humidity,DecisionTreeClassifier,0.768,0.5,0.0,0.0,0.0
82,Occupancy.csv,Outlier,0.4,Humidity,QuadraticDiscriminantAnalysis,0.768,0.5,0.0,0.0,0.0
83,Occupancy.csv,Outlier,0.4,Humidity,AdaBoostClassifier,0.768,0.5,0.0,0.0,0.0
84,Occupancy.csv,Outlier,0.4,Humidity,LinearDiscriminantAnalysis,0.768,0.5,0.0,0.0,0.0
85,Occupancy.csv,Outlier,0.4,Humidity,DummyClassifier,0.768,0.5,0.0,0.0,0.0
86,Occupancy.csv,Outlier,0.4,Humidity,RandomForestClassifier,0.768,0.0046,0.0,0.0,0.0
87,Occupancy.csv,Outlier,0.4,Humidity,ExtraTreesClassifier,0.768,0.1765,0.0,0.0,0.0
88,Occupancy.csv,Outlier,0.4,Humidity,GradientBoostingClassifier,0.768,0.5,0.0,0.0,0.0
89,Occupancy.csv,Outlier,0.4,Humidity,CatBoostClassifier,0.768,0.0189,0.0,0.0,0.0
90,Occupancy.csv,Outlier,0.6,Humidity,KNeighborsClassifier,0.9898,0.4397,0.9885,0.9682,0.9782
91,Occupancy.csv,Outlier,0.6,Humidity,LogisticRegression,0.9844,0.0477,0.9686,0.9645,0.9665
92,Occupancy.csv,Outlier,0.6,Humidity,SGDClassifier,0.9774,,0.9979,0.9128,0.9534
93,Occupancy.csv,Outlier,0.6,Humidity,MLPClassifier,0.9764,0.2154,0.999,0.9085,0.9516
94,Occupancy.csv,Outlier,0.6,Humidity,GaussianNB,0.768,0.4984,0.0,0.0,0.0
95,Occupancy.csv,Outlier,0.6,Humidity,RidgeClassifier,0.768,,0.0,0.0,0.0
96,Occupancy.csv,Outlier,0.6,Humidity,DecisionTreeClassifier,0.768,0.5,0.0,0.0,0.0
97,Occupancy.csv,Outlier,0.6,Humidity,QuadraticDiscriminantAnalysis,0.768,0.5,0.0,0.0,0.0
98,Occupancy.csv,Outlier,0.6,Humidity,AdaBoostClassifier,0.768,0.5,0.0,0.0,0.0
99,Occupancy.csv,Outlier,0.6,Humidity,LinearDiscriminantAnalysis,0.768,0.5,0.0,0.0,0.0
100,Occupancy.csv,Outlier,0.6,Humidity,DummyClassifier,0.768,0.5,0.0,0.0,0.0
101,Occupancy.csv,Outlier,0.6,Humidity,RandomForestClassifier,0.768,0.0114,0.0,0.0,0.0
102,Occupancy.csv,Outlier,0.6,Humidity,ExtraTreesClassifier,0.768,0.2515,0.0,0.0,0.0
103,Occupancy.csv,Outlier,0.6,Humidity,GradientBoostingClassifier,0.768,0.5,0.0,0.0,0.0
104,Occupancy.csv,Outlier,0.6,Humidity,CatBoostClassifier,0.768,0.0158,0.0,0.0,0.0
105,Occupancy.csv,Outlier,0.8,Humidity,KNeighborsClassifier,0.9891,0.4321,0.9874,0.9662,0.9767
106,Occupancy.csv,Outlier,0.8,Humidity,LogisticRegression,0.9844,0.0474,0.9686,0.9645,0.9665
107,Occupancy.csv,Outlier,0.8,Humidity,SGDClassifier,0.9871,,0.9979,0.9492,0.9729
108,Occupancy.csv,Outlier,0.8,Humidity,MLPClassifier,0.9784,0.2626,0.999,0.9155,0.9554
109,Occupancy.csv,Outlier,0.8,Humidity,GaussianNB,0.768,0.4984,0.0,0.0,0.0
110,Occupancy.csv,Outlier,0.8,Humidity,RidgeClassifier,0.768,,0.0,0.0,0.0
111,Occupancy.csv,Outlier,0.8,Humidity,DecisionTreeClassifier,0.768,0.5,0.0,0.0,0.0
112,Occupancy.csv,Outlier,0.8,Humidity,QuadraticDiscriminantAnalysis,0.768,0.5,0.0,0.0,0.0
113,Occupancy.csv,Outlier,0.8,Humidity,AdaBoostClassifier,0.768,0.5,0.0,0.0,0.0
114,Occupancy.csv,Outlier,0.8,Humidity,LinearDiscriminantAnalysis,0.768,0.5,0.0,0.0,0.0
115,Occupancy.csv,Outlier,0.8,Humidity,DummyClassifier,0.768,0.5,0.0,0.0,0.0
116,Occupancy.csv,Outlier,0.8,Humidity,RandomForestClassifier,0.768,0.0094,0.0,0.0,0.0
117,Occupancy.csv,Outlier,0.8,Humidity,ExtraTreesClassifier,0.768,0.1274,0.0,0.0,0.0
118,Occupancy.csv,Outlier,0.8,Humidity,GradientBoostingClassifier,0.768,0.5,0.0,0.0,0.0
119,Occupancy.csv,Outlier,0.8,Humidity,CatBoostClassifier,0.768,0.0163,0.0,0.0,0.0
120,Occupancy.csv,Outlier,0.2,Light,KNeighborsClassifier,0.9891,0.4224,0.9874,0.9662,0.9767
121,Occupancy.csv,Outlier,0.2,Light,MLPClassifier,0.9555,0.2932,0.9979,0.8402,0.9123
122,Occupancy.csv,Outlier,0.2,Light,LogisticRegression,0.7945,0.0387,0.1153,0.991,0.2066
123,Occupancy.csv,Outlier,0.2,Light,SGDClassifier,0.7913,,0.2621,0.6188,0.3682
124,Occupancy.csv,Outlier,0.2,Light,GaussianNB,0.768,0.5,0.0,0.0,0.0
125,Occupancy.csv,Outlier,0.2,Light,DecisionTreeClassifier,0.768,0.5,0.0,0.0,0.0
126,Occupancy.csv,Outlier,0.2,Light,RidgeClassifier,0.768,,0.0,0.0,0.0
127,Occupancy.csv,Outlier,0.2,Light,QuadraticDiscriminantAnalysis,0.768,0.5,0.0,0.0,0.0
128,Occupancy.csv,Outlier,0.2,Light,AdaBoostClassifier,0.768,0.5,0.0,0.0,0.0
129,Occupancy.csv,Outlier,0.2,Light,LinearDiscriminantAnalysis,0.768,0.5,0.0,0.0,0.0
130,Occupancy.csv,Outlier,0.2,Light,DummyClassifier,0.768,0.5,0.0,0.0,0.0
131,Occupancy.csv,Outlier,0.2,Light,RandomForestClassifier,0.768,0.0183,0.0,0.0,0.0
132,Occupancy.csv,Outlier,0.2,Light,ExtraTreesClassifier,0.768,0.2061,0.0,0.0,0.0
133,Occupancy.csv,Outlier,0.2,Light,GradientBoostingClassifier,0.768,0.5,0.0,0.0,0.0
134,Occupancy.csv,Outlier,0.2,Light,CatBoostClassifier,0.768,0.0072,0.0,0.0,0.0
135,Occupancy.csv,Outlier,0.4,Light,KNeighborsClassifier,0.9861,0.4207,0.9801,0.9609,0.9704
136,Occupancy.csv,Outlier,0.4,Light,MLPClassifier,0.9506,0.0484,0.8753,0.9086,0.8916
137,Occupancy.csv,Outlier,0.4,Light,LogisticRegression,0.7782,0.0628,0.0451,0.9773,0.0862
138,Occupancy.csv,Outlier,0.4,Light,GaussianNB,0.768,0.4912,0.0,0.0,0.0
139,Occupancy.csv,Outlier,0.4,Light,DecisionTreeClassifier,0.768,0.5,0.0,0.0,0.0
140,Occupancy.csv,Outlier,0.4,Light,RidgeClassifier,0.768,,0.0,0.0,0.0
141,Occupancy.csv,Outlier,0.4,Light,QuadraticDiscriminantAnalysis,0.768,0.5,0.0,0.0,0.0
142,Occupancy.csv,Outlier,0.4,Light,AdaBoostClassifier,0.768,0.5,0.0,0.0,0.0
143,Occupancy.csv,Outlier,0.4,Light,LinearDiscriminantAnalysis,0.768,0.5,0.0,0.0,0.0
144,Occupancy.csv,Outlier,0.4,Light,DummyClassifier,0.768,0.5,0.0,0.0,0.0
145,Occupancy.csv,Outlier,0.4,Light,RandomForestClassifier,0.768,0.0077,0.0,0.0,0.0
146,Occupancy.csv,Outlier,0.4,Light,ExtraTreesClassifier,0.768,0.2731,0.0,0.0,0.0
147,Occupancy.csv,Outlier,0.4,Light,GradientBoostingClassifier,0.768,0.5,0.0,0.0,0.0
148,Occupancy.csv,Outlier,0.4,Light,CatBoostClassifier,0.768,0.1493,0.0,0.0,0.0
149,Occupancy.csv,Outlier,0.4,Light,SGDClassifier,0.9064,,0.6226,0.9596,0.7552
150,Occupancy.csv,Outlier,0.6,Light,KNeighborsClassifier,0.9864,0.4207,0.9832,0.9591,0.971
151,Occupancy.csv,Outlier,0.6,Light,MLPClassifier,0.9543,0.0601,0.9979,0.8366,0.9101
152,Occupancy.csv,Outlier,0.6,Light,LogisticRegression,0.7765,0.0697,0.0377,0.973,0.0727
153,Occupancy.csv,Outlier,0.6,Light,GaussianNB,0.768,0.4828,0.0,0.0,0.0
154,Occupancy.csv,Outlier,0.6,Light,DecisionTreeClassifier,0.768,0.5,0.0,0.0,0.0
155,Occupancy.csv,Outlier,0.6,Light,RidgeClassifier,0.768,,0.0,0.0,0.0
156,Occupancy.csv,Outlier,0.6,Light,QuadraticDiscriminantAnalysis,0.768,0.5,0.0,0.0,0.0
157,Occupancy.csv,Outlier,0.6,Light,AdaBoostClassifier,0.768,0.5,0.0,0.0,0.0
158,Occupancy.csv,Outlier,0.6,Light,LinearDiscriminantAnalysis,0.768,0.5,0.0,0.0,0.0
159,Occupancy.csv,Outlier,0.6,Light,DummyClassifier,0.768,0.5,0.0,0.0,0.0
160,Occupancy.csv,Outlier,0.6,Light,RandomForestClassifier,0.768,0.023,0.0,0.0,0.0
161,Occupancy.csv,Outlier,0.6,Light,ExtraTreesClassifier,0.768,0.2149,0.0,0.0,0.0
162,Occupancy.csv,Outlier,0.6,Light,GradientBoostingClassifier,0.768,0.5,0.0,0.0,0.0
163,Occupancy.csv,Outlier,0.6,Light,CatBoostClassifier,0.768,0.2118,0.0,0.0,0.0
164,Occupancy.csv,Outlier,0.6,Light,SGDClassifier,0.8782,,0.7055,0.7536,0.7287
165,Occupancy.csv,Outlier,0.8,Light,KNeighborsClassifier,0.9864,0.4125,0.9822,0.96,0.971
166,Occupancy.csv,Outlier,0.8,Light,MLPClassifier,0.9482,0.0523,0.9161,0.8679,0.8914
167,Occupancy.csv,Outlier,0.8,Light,SGDClassifier,0.7792,,0.0493,0.9792,0.0938
168,Occupancy.csv,Outlier,0.8,Light,LogisticRegression,0.8366,0.0349,0.3124,0.949,0.47
169,Occupancy.csv,Outlier,0.8,Light,GaussianNB,0.768,0.3821,0.0,0.0,0.0
170,Occupancy.csv,Outlier,0.8,Light,DecisionTreeClassifier,0.768,0.5,0.0,0.0,0.0
171,Occupancy.csv,Outlier,0.8,Light,RidgeClassifier,0.768,,0.0,0.0,0.0
172,Occupancy.csv,Outlier,0.8,Light,QuadraticDiscriminantAnalysis,0.768,0.5,0.0,0.0,0.0
173,Occupancy.csv,Outlier,0.8,Light,AdaBoostClassifier,0.768,0.5,0.0,0.0,0.0
174,Occupancy.csv,Outlier,0.8,Light,LinearDiscriminantAnalysis,0.768,0.5,0.0,0.0,0.0
175,Occupancy.csv,Outlier,0.8,Light,DummyClassifier,0.768,0.5,0.0,0.0,0.0
176,Occupancy.csv,Outlier,0.8,Light,RandomForestClassifier,0.768,0.0052,0.0,0.0,0.0
177,Occupancy.csv,Outlier,0.8,Light,ExtraTreesClassifier,0.768,0.2974,0.0,0.0,0.0
178,Occupancy.csv,Outlier,0.8,Light,GradientBoostingClassifier,0.768,0.5,0.0,0.0,0.0
179,Occupancy.csv,Outlier,0.8,Light,CatBoostClassifier,0.768,0.2152,0.0,0.0,0.0
180,Occupancy.csv,Outlier,0.2,CO2,KNeighborsClassifier,0.9866,0.4114,0.9832,0.9601,0.9715
181,Occupancy.csv,Outlier,0.2,CO2,MLPClassifier,0.9443,0.0444,0.9015,0.8643,0.8825
182,Occupancy.csv,Outlier,0.2,CO2,LogisticRegression,0.7977,0.0653,0.13,0.9841,0.2296
183,Occupancy.csv,Outlier,0.2,CO2,GaussianNB,0.768,0.5,0.0,0.0,0.0
184,Occupancy.csv,Outlier,0.2,CO2,DecisionTreeClassifier,0.768,0.5,0.0,0.0,0.0
185,Occupancy.csv,Outlier,0.2,CO2,RidgeClassifier,0.768,,0.0,0.0,0.0
186,Occupancy.csv,Outlier,0.2,CO2,QuadraticDiscriminantAnalysis,0.768,0.5,0.0,0.0,0.0
187,Occupancy.csv,Outlier,0.2,CO2,AdaBoostClassifier,0.768,0.5,0.0,0.0,0.0
188,Occupancy.csv,Outlier,0.2,CO2,LinearDiscriminantAnalysis,0.768,0.5,0.0,0.0,0.0
189,Occupancy.csv,Outlier,0.2,CO2,DummyClassifier,0.768,0.5,0.0,0.0,0.0
190,Occupancy.csv,Outlier,0.2,CO2,RandomForestClassifier,0.768,0.005,0.0,0.0,0.0
191,Occupancy.csv,Outlier,0.2,CO2,ExtraTreesClassifier,0.768,0.1781,0.0,0.0,0.0
192,Occupancy.csv,Outlier,0.2,CO2,GradientBoostingClassifier,0.768,0.5,0.0,0.0,0.0
193,Occupancy.csv,Outlier,0.2,CO2,CatBoostClassifier,0.768,0.4595,0.0,0.0,0.0
194,Occupancy.csv,Outlier,0.2,CO2,SGDClassifier,0.821,,0.3532,0.739,0.478
195,Occupancy.csv,Outlier,0.4,CO2,KNeighborsClassifier,0.9871,0.4135,0.9853,0.9602,0.9726
196,Occupancy.csv,Outlier,0.4,CO2,MLPClassifier,0.9394,0.062,0.9161,0.838,0.8753
197,Occupancy.csv,Outlier,0.4,CO2,LogisticRegression,0.7923,0.0816,0.108,0.9717,0.1943
198,Occupancy.csv,Outlier,0.4,CO2,GaussianNB,0.768,0.1193,0.0,0.0,0.0
199,Occupancy.csv,Outlier,0.4,CO2,DecisionTreeClassifier,0.768,0.5,0.0,0.0,0.0
200,Occupancy.csv,Outlier,0.4,CO2,RidgeClassifier,0.768,,0.0,0.0,0.0
201,Occupancy.csv,Outlier,0.4,CO2,QuadraticDiscriminantAnalysis,0.768,0.5,0.0,0.0,0.0
202,Occupancy.csv,Outlier,0.4,CO2,AdaBoostClassifier,0.768,0.5,0.0,0.0,0.0
203,Occupancy.csv,Outlier,0.4,CO2,LinearDiscriminantAnalysis,0.768,0.5,0.0,0.0,0.0
204,Occupancy.csv,Outlier,0.4,CO2,DummyClassifier,0.768,0.5,0.0,0.0,0.0
205,Occupancy.csv,Outlier,0.4,CO2,RandomForestClassifier,0.768,0.0061,0.0,0.0,0.0
206,Occupancy.csv,Outlier,0.4,CO2,ExtraTreesClassifier,0.768,0.244,0.0,0.0,0.0
207,Occupancy.csv,Outlier,0.4,CO2,GradientBoostingClassifier,0.768,0.5,0.0,0.0,0.0
208,Occupancy.csv,Outlier,0.4,CO2,CatBoostClassifier,0.768,0.4068,0.0,0.0,0.0
209,Occupancy.csv,Outlier,0.4,CO2,SGDClassifier,0.7704,,0.9644,0.5027,0.6609
210,Occupancy.csv,Outlier,0.6,CO2,KNeighborsClassifier,0.9874,0.4119,0.9864,0.9602,0.9731
211,Occupancy.csv,Outlier,0.6,CO2,MLPClassifier,0.9392,0.0304,0.7966,0.9314,0.8588
212,Occupancy.csv,Outlier,0.6,CO2,LogisticRegression,0.7916,0.0899,0.1048,0.9709,0.1892
213,Occupancy.csv,Outlier,0.6,CO2,GaussianNB,0.768,0.1071,0.0,0.0,0.0
214,Occupancy.csv,Outlier,0.6,CO2,DecisionTreeClassifier,0.768,0.5,0.0,0.0,0.0
215,Occupancy.csv,Outlier,0.6,CO2,RidgeClassifier,0.768,,0.0,0.0,0.0
216,Occupancy.csv,Outlier,0.6,CO2,QuadraticDiscriminantAnalysis,0.768,0.5,0.0,0.0,0.0
217,Occupancy.csv,Outlier,0.6,CO2,AdaBoostClassifier,0.768,0.5,0.0,0.0,0.0
218,Occupancy.csv,Outlier,0.6,CO2,LinearDiscriminantAnalysis,0.768,0.5,0.0,0.0,0.0
219,Occupancy.csv,Outlier,0.6,CO2,DummyClassifier,0.768,0.5,0.0,0.0,0.0
220,Occupancy.csv,Outlier,0.6,CO2,RandomForestClassifier,0.768,0.0107,0.0,0.0,0.0
221,Occupancy.csv,Outlier,0.6,CO2,ExtraTreesClassifier,0.768,0.439,0.0,0.0,0.0
222,Occupancy.csv,Outlier,0.6,CO2,GradientBoostingClassifier,0.768,0.5,0.0,0.0,0.0
223,Occupancy.csv,Outlier,0.6,CO2,CatBoostClassifier,0.768,0.512,0.0,0.0,0.0
224,Occupancy.csv,Outlier,0.6,CO2,SGDClassifier,0.7612,,0.0063,0.15,0.0121
225,Occupancy.csv,Outlier,0.8,CO2,KNeighborsClassifier,0.9893,0.426,0.9958,0.9596,0.9774
226,Occupancy.csv,Outlier,0.8,CO2,LogisticRegression,0.7877,0.0943,0.0891,0.9551,0.163
227,Occupancy.csv,Outlier,0.8,CO2,GaussianNB,0.768,0.0202,0.0,0.0,0.0
228,Occupancy.csv,Outlier,0.8,CO2,DecisionTreeClassifier,0.768,0.5,0.0,0.0,0.0
229,Occupancy.csv,Outlier,0.8,CO2,RidgeClassifier,0.768,,0.0,0.0,0.0
230,Occupancy.csv,Outlier,0.8,CO2,QuadraticDiscriminantAnalysis,0.768,0.5,0.0,0.0,0.0
231,Occupancy.csv,Outlier,0.8,CO2,AdaBoostClassifier,0.768,0.5,0.0,0.0,0.0
232,Occupancy.csv,Outlier,0.8,CO2,LinearDiscriminantAnalysis,0.768,0.5,0.0,0.0,0.0
233,Occupancy.csv,Outlier,0.8,CO2,DummyClassifier,0.768,0.5,0.0,0.0,0.0
234,Occupancy.csv,Outlier,0.8,CO2,RandomForestClassifier,0.768,0.0052,0.0,0.0,0.0
235,Occupancy.csv,Outlier,0.8,CO2,ExtraTreesClassifier,0.768,0.5127,0.0,0.0,0.0
236,Occupancy.csv,Outlier,0.8,CO2,GradientBoostingClassifier,0.768,0.5,0.0,0.0,0.0
237,Occupancy.csv,Outlier,0.8,CO2,CatBoostClassifier,0.768,0.5223,0.0,0.0,0.0
238,Occupancy.csv,Outlier,0.8,CO2,MLPClassifier,0.9015,0.0198,0.6205,0.9323,0.7451
239,Occupancy.csv,Outlier,0.8,CO2,SGDClassifier,0.7799,,0.1038,0.6644,0.1795
240,Occupancy.csv,Outlier,0.2,HumidityRatio,KNeighborsClassifier,0.9893,0.426,0.9958,0.9596,0.9774
241,Occupancy.csv,Outlier,0.2,HumidityRatio,LogisticRegression,0.7877,0.0943,0.0891,0.9551,0.163
242,Occupancy.csv,Outlier,0.2,HumidityRatio,GaussianNB,0.768,0.0202,0.0,0.0,0.0
243,Occupancy.csv,Outlier,0.2,HumidityRatio,DecisionTreeClassifier,0.768,0.5,0.0,0.0,0.0
244,Occupancy.csv,Outlier,0.2,HumidityRatio,RidgeClassifier,0.768,,0.0,0.0,0.0
245,Occupancy.csv,Outlier,0.2,HumidityRatio,QuadraticDiscriminantAnalysis,0.768,0.5,0.0,0.0,0.0
246,Occupancy.csv,Outlier,0.2,HumidityRatio,AdaBoostClassifier,0.768,0.5,0.0,0.0,0.0
247,Occupancy.csv,Outlier,0.2,HumidityRatio,LinearDiscriminantAnalysis,0.768,0.5,0.0,0.0,0.0
248,Occupancy.csv,Outlier,0.2,HumidityRatio,DummyClassifier,0.768,0.5,0.0,0.0,0.0
249,Occupancy.csv,Outlier,0.2,HumidityRatio,RandomForestClassifier,0.768,0.0064,0.0,0.0,0.0
250,Occupancy.csv,Outlier,0.2,HumidityRatio,ExtraTreesClassifier,0.768,0.263,0.0,0.0,0.0
251,Occupancy.csv,Outlier,0.2,HumidityRatio,GradientBoostingClassifier,0.768,0.5,0.0,0.0,0.0
252,Occupancy.csv,Outlier,0.2,HumidityRatio,CatBoostClassifier,0.768,0.5613,0.0,0.0,0.0
253,Occupancy.csv,Outlier,0.2,HumidityRatio,MLPClassifier,0.8881,0.0405,0.5807,0.9023,0.7066
254,Occupancy.csv,Outlier,0.2,HumidityRatio,SGDClassifier,0.7799,,0.1038,0.6644,0.1795
255,Occupancy.csv,Outlier,0.4,HumidityRatio,KNeighborsClassifier,0.9893,0.426,0.9958,0.9596,0.9774
256,Occupancy.csv,Outlier,0.4,HumidityRatio,LogisticRegression,0.7877,0.0943,0.0891,0.9551,0.163
257,Occupancy.csv,Outlier,0.4,HumidityRatio,GaussianNB,0.768,0.0203,0.0,0.0,0.0
258,Occupancy.csv,Outlier,0.4,HumidityRatio,DecisionTreeClassifier,0.768,0.5,0.0,0.0,0.0
259,Occupancy.csv,Outlier,0.4,HumidityRatio,RidgeClassifier,0.768,,0.0,0.0,0.0
260,Occupancy.csv,Outlier,0.4,HumidityRatio,QuadraticDiscriminantAnalysis,0.768,0.5,0.0,0.0,0.0
261,Occupancy.csv,Outlier,0.4,HumidityRatio,AdaBoostClassifier,0.768,0.5,0.0,0.0,0.0
262,Occupancy.csv,Outlier,0.4,HumidityRatio,LinearDiscriminantAnalysis,0.768,0.5,0.0,0.0,0.0
263,Occupancy.csv,Outlier,0.4,HumidityRatio,DummyClassifier,0.768,0.5,0.0,0.0,0.0
264,Occupancy.csv,Outlier,0.4,HumidityRatio,RandomForestClassifier,0.768,0.0043,0.0,0.0,0.0
265,Occupancy.csv,Outlier,0.4,HumidityRatio,ExtraTreesClassifier,0.768,0.0096,0.0,0.0,0.0
266,Occupancy.csv,Outlier,0.4,HumidityRatio,GradientBoostingClassifier,0.768,0.5,0.0,0.0,0.0
267,Occupancy.csv,Outlier,0.4,HumidityRatio,CatBoostClassifier,0.768,0.4876,0.0,0.0,0.0
268,Occupancy.csv,Outlier,0.4,HumidityRatio,MLPClassifier,0.9049,0.016,0.6321,0.9378,0.7552
269,Occupancy.csv,Outlier,0.4,HumidityRatio,SGDClassifier,0.7799,,0.1038,0.6644,0.1795
270,Occupancy.csv,Outlier,0.6,HumidityRatio,MLPClassifier,0.9548,0.0589,0.9036,0.9017,0.9026
271,Occupancy.csv,Outlier,0.6,HumidityRatio,KNeighborsClassifier,0.9893,0.426,0.9958,0.9596,0.9774
272,Occupancy.csv,Outlier,0.6,HumidityRatio,LogisticRegression,0.7877,0.0943,0.0891,0.9551,0.163
273,Occupancy.csv,Outlier,0.6,HumidityRatio,GaussianNB,0.768,0.0203,0.0,0.0,0.0
274,Occupancy.csv,Outlier,0.6,HumidityRatio,DecisionTreeClassifier,0.768,0.5,0.0,0.0,0.0
275,Occupancy.csv,Outlier,0.6,HumidityRatio,RidgeClassifier,0.768,,0.0,0.0,0.0
276,Occupancy.csv,Outlier,0.6,HumidityRatio,QuadraticDiscriminantAnalysis,0.768,0.5,0.0,0.0,0.0
277,Occupancy.csv,Outlier,0.6,HumidityRatio,AdaBoostClassifier,0.768,0.5,0.0,0.0,0.0
278,Occupancy.csv,Outlier,0.6,HumidityRatio,LinearDiscriminantAnalysis,0.768,0.5,0.0,0.0,0.0
279,Occupancy.csv,Outlier,0.6,HumidityRatio,DummyClassifier,0.768,0.5,0.0,0.0,0.0
280,Occupancy.csv,Outlier,0.6,HumidityRatio,RandomForestClassifier,0.768,0.0043,0.0,0.0,0.0
281,Occupancy.csv,Outlier,0.6,HumidityRatio,ExtraTreesClassifier,0.768,0.0791,0.0,0.0,0.0
282,Occupancy.csv,Outlier,0.6,HumidityRatio,GradientBoostingClassifier,0.768,0.5,0.0,0.0,0.0
283,Occupancy.csv,Outlier,0.6,HumidityRatio,CatBoostClassifier,0.768,0.5158,0.0,0.0,0.0
284,Occupancy.csv,Outlier,0.6,HumidityRatio,SGDClassifier,0.7799,,0.1038,0.6644,0.1795
285,Occupancy.csv,Outlier,0.8,HumidityRatio,MLPClassifier,0.9698,0.0702,0.9969,0.8871,0.9388
286,Occupancy.csv,Outlier,0.8,HumidityRatio,KNeighborsClassifier,0.9893,0.426,0.9958,0.9596,0.9774
287,Occupancy.csv,Outlier,0.8,HumidityRatio,LogisticRegression,0.7877,0.0943,0.0891,0.9551,0.163
288,Occupancy.csv,Outlier,0.8,HumidityRatio,GaussianNB,0.768,0.0203,0.0,0.0,0.0
289,Occupancy.csv,Outlier,0.8,HumidityRatio,DecisionTreeClassifier,0.768,0.5,0.0,0.0,0.0
290,Occupancy.csv,Outlier,0.8,HumidityRatio,RidgeClassifier,0.768,,0.0,0.0,0.0
291,Occupancy.csv,Outlier,0.8,HumidityRatio,QuadraticDiscriminantAnalysis,0.768,0.5,0.0,0.0,0.0
292,Occupancy.csv,Outlier,0.8,HumidityRatio,AdaBoostClassifier,0.768,0.5,0.0,0.0,0.0
293,Occupancy.csv,Outlier,0.8,HumidityRatio,LinearDiscriminantAnalysis,0.768,0.5,0.0,0.0,0.0
294,Occupancy.csv,Outlier,0.8,HumidityRatio,DummyClassifier,0.768,0.5,0.0,0.0,0.0
295,Occupancy.csv,Outlier,0.8,HumidityRatio,RandomForestClassifier,0.768,0.0046,0.0,0.0,0.0
296,Occupancy.csv,Outlier,0.8,HumidityRatio,ExtraTreesClassifier,0.768,0.1921,0.0,0.0,0.0
297,Occupancy.csv,Outlier,0.8,HumidityRatio,GradientBoostingClassifier,0.768,0.5,0.0,0.0,0.0
298,Occupancy.csv,Outlier,0.8,HumidityRatio,CatBoostClassifier,0.768,0.4844,0.0,0.0,0.0
299,Occupancy.csv,Outlier,0.8,HumidityRatio,SGDClassifier,0.7799,,0.1038,0.6644,0.1795
300,Occupancy.csv,Outlier,0.2,date,RandomForestClassifier,0.99,0.2991,0.9937,0.9644,0.9788
301,Occupancy.csv,Outlier,0.2,date,CatBoostClassifier,0.9891,0.0783,0.9927,0.9614,0.9768
302,Occupancy.csv,Outlier,0.2,date,GradientBoostingClassifier,0.9883,0.0147,0.9937,0.9576,0.9753
303,Occupancy.csv,Outlier,0.2,date,RidgeClassifier,0.9891,,0.9958,0.9586,0.9769
304,Occupancy.csv,Outlier,0.2,date,LogisticRegression,0.9893,0.0716,0.9969,0.9587,0.9774
305,Occupancy.csv,Outlier,0.2,date,KNeighborsClassifier,0.9895,0.4528,0.9864,0.9691,0.9777
306,Occupancy.csv,Outlier,0.2,date,LinearDiscriminantAnalysis,0.9891,0.2261,0.9958,0.9586,0.9769
307,Occupancy.csv,Outlier,0.2,date,ExtraTreesClassifier,0.9891,0.0136,0.978,0.9749,0.9765
308,Occupancy.csv,Outlier,0.2,date,AdaBoostClassifier,0.9866,0.0694,0.9864,0.9573,0.9716
309,Occupancy.csv,Outlier,0.2,date,MLPClassifier,0.9893,0.035,0.9958,0.9596,0.9774
310,Occupancy.csv,Outlier,0.2,date,DecisionTreeClassifier,0.9839,0.5,0.9633,0.9674,0.9653
311,Occupancy.csv,Outlier,0.2,date,QuadraticDiscriminantAnalysis,0.9844,0.4801,0.9948,0.9415,0.9674
312,Occupancy.csv,Outlier,0.2,date,SGDClassifier,0.9893,,0.9969,0.9587,0.9774
313,Occupancy.csv,Outlier,0.2,date,GaussianNB,0.9689,0.4198,0.9979,0.8831,0.937
314,Occupancy.csv,Outlier,0.2,date,DummyClassifier,0.768,0.5,0.0,0.0,0.0
315,Occupancy.csv,Outlier,0.4,date,RandomForestClassifier,0.9905,0.2904,0.9885,0.9712,0.9797
316,Occupancy.csv,Outlier,0.4,date,CatBoostClassifier,0.9903,0.1347,0.9895,0.9692,0.9793
317,Occupancy.csv,Outlier,0.4,date,ExtraTreesClassifier,0.9915,0.0132,0.9801,0.9832,0.9816
318,Occupancy.csv,Outlier,0.4,date,GradientBoostingClassifier,0.9881,0.017,0.9937,0.9566,0.9748
319,Occupancy.csv,Outlier,0.4,date,LogisticRegression,0.9893,0.0905,0.9969,0.9587,0.9774
320,Occupancy.csv,Outlier,0.4,date,KNeighborsClassifier,0.9895,0.4528,0.9864,0.9691,0.9777
321,Occupancy.csv,Outlier,0.4,date,RidgeClassifier,0.9883,,0.9958,0.9557,0.9754
322,Occupancy.csv,Outlier,0.4,date,AdaBoostClassifier,0.9866,0.0701,0.9853,0.9582,0.9716
323,Occupancy.csv,Outlier,0.4,date,LinearDiscriminantAnalysis,0.9874,0.4205,0.9979,0.9501,0.9734
324,Occupancy.csv,Outlier,0.4,date,DecisionTreeClassifier,0.9847,0.5,0.9665,0.9675,0.967
325,Occupancy.csv,Outlier,0.4,date,MLPClassifier,0.9893,0.0354,0.9958,0.9596,0.9774
326,Occupancy.csv,Outlier,0.4,date,SGDClassifier,0.9331,,0.7379,0.9657,0.8366
327,Occupancy.csv,Outlier,0.4,date,QuadraticDiscriminantAnalysis,0.9842,0.4894,0.9948,0.9405,0.9669
328,Occupancy.csv,Outlier,0.4,date,GaussianNB,0.9667,0.4486,0.9979,0.8758,0.9329
329,Occupancy.csv,Outlier,0.4,date,DummyClassifier,0.768,0.5,0.0,0.0,0.0
330,Occupancy.csv,Outlier,0.6,date,ExtraTreesClassifier,0.99,0.0206,0.979,0.978,0.9785
331,Occupancy.csv,Outlier,0.6,date,RandomForestClassifier,0.9912,0.3421,0.9906,0.9722,0.9813
332,Occupancy.csv,Outlier,0.6,date,CatBoostClassifier,0.9912,0.0852,0.9916,0.9713,0.9813
333,Occupancy.csv,Outlier,0.6,date,GradientBoostingClassifier,0.9878,0.0238,0.9937,0.9556,0.9743
334,Occupancy.csv,Outlier,0.6,date,AdaBoostClassifier,0.9886,0.0547,0.9927,0.9595,0.9758
335,Occupancy.csv,Outlier,0.6,date,LogisticRegression,0.9893,0.1037,0.9969,0.9587,0.9774
336,Occupancy.csv,Outlier,0.6,date,KNeighborsClassifier,0.9895,0.4528,0.9864,0.9691,0.9777
337,Occupancy.csv,Outlier,0.6,date,DecisionTreeClassifier,0.9874,0.5,0.9769,0.9688,0.9729
338,Occupancy.csv,Outlier,0.6,date,RidgeClassifier,0.9881,,0.9979,0.953,0.9749
339,Occupancy.csv,Outlier,0.6,date,MLPClassifier,0.9891,0.0363,0.9958,0.9586,0.9769
340,Occupancy.csv,Outlier,0.6,date,LinearDiscriminantAnalysis,0.9861,0.4704,0.9979,0.9454,0.9709
341,Occupancy.csv,Outlier,0.6,date,QuadraticDiscriminantAnalysis,0.9842,0.4917,0.9948,0.9405,0.9669
342,Occupancy.csv,Outlier,0.6,date,GaussianNB,0.9655,0.4583,0.9979,0.8718,0.9306
343,Occupancy.csv,Outlier,0.6,date,SGDClassifier,0.9815,,0.9979,0.9279,0.9616
344,Occupancy.csv,Outlier,0.6,date,DummyClassifier,0.768,0.5,0.0,0.0,0.0
345,Occupancy.csv,Outlier,0.8,date,ExtraTreesClassifier,0.9915,0.3498,0.9822,0.9812,0.9817
346,Occupancy.csv,Outlier,0.8,date,RandomForestClassifier,0.99,0.3288,0.9874,0.9701,0.9787
347,Occupancy.csv,Outlier,0.8,date,CatBoostClassifier,0.9915,0.0783,0.9874,0.9762,0.9818
348,Occupancy.csv,Outlier,0.8,date,DecisionTreeClassifier,0.9881,0.5,0.9769,0.9718,0.9744
349,Occupancy.csv,Outlier,0.8,date,LogisticRegression,0.9893,0.1108,0.9969,0.9587,0.9774
350,Occupancy.csv,Outlier,0.8,date,KNeighborsClassifier,0.9895,0.4528,0.9864,0.9691,0.9777
351,Occupancy.csv,Outlier,0.8,date,AdaBoostClassifier,0.9895,0.0608,0.9948,0.9615,0.9778
352,Occupancy.csv,Outlier,0.8,date,GradientBoostingClassifier,0.9876,0.0222,0.9895,0.9584,0.9737
353,Occupancy.csv,Outlier,0.8,date,RidgeClassifier,0.9874,,0.9979,0.9501,0.9734
354,Occupancy.csv,Outlier,0.8,date,MLPClassifier,0.9893,0.038,0.9958,0.9596,0.9774
355,Occupancy.csv,Outlier,0.8,date,LinearDiscriminantAnalysis,0.9854,0.4897,0.9979,0.9426,0.9695
356,Occupancy.csv,Outlier,0.8,date,QuadraticDiscriminantAnalysis,0.9842,0.4911,0.9948,0.9405,0.9669
357,Occupancy.csv,Outlier,0.8,date,SGDClassifier,0.9881,,0.9969,0.9539,0.9749
358,Occupancy.csv,Outlier,0.8,date,GaussianNB,0.9652,0.461,0.9979,0.871,0.9301
359,Occupancy.csv,Outlier,0.8,date,DummyClassifier,0.768,0.5,0.0,0.0,0.0
360,Occupancy.csv,Noisy,0.2,Temperature,KNeighborsClassifier,0.9895,0.4523,0.9864,0.9691,0.9777
361,Occupancy.csv,Noisy,0.2,Temperature,LogisticRegression,0.9891,0.0469,0.9916,0.9624,0.9768
362,Occupancy.csv,Noisy,0.2,Temperature,MLPClassifier,0.9893,0.0334,0.9958,0.9596,0.9774
363,Occupancy.csv,Noisy,0.2,Temperature,SGDClassifier,0.9825,,0.9633,0.9613,0.9623
364,Occupancy.csv,Noisy,0.2,Temperature,GaussianNB,0.768,0.4911,0.0,0.0,0.0
365,Occupancy.csv,Noisy,0.2,Temperature,RidgeClassifier,0.768,,0.0,0.0,0.0
366,Occupancy.csv,Noisy,0.2,Temperature,DecisionTreeClassifier,0.768,0.5,0.0,0.0,0.0
367,Occupancy.csv,Noisy,0.2,Temperature,QuadraticDiscriminantAnalysis,0.768,0.5,0.0,0.0,0.0
368,Occupancy.csv,Noisy,0.2,Temperature,AdaBoostClassifier,0.768,0.5,0.0,0.0,0.0
369,Occupancy.csv,Noisy,0.2,Temperature,LinearDiscriminantAnalysis,0.768,0.5,0.0,0.0,0.0
370,Occupancy.csv,Noisy,0.2,Temperature,DummyClassifier,0.768,0.5,0.0,0.0,0.0
371,Occupancy.csv,Noisy,0.2,Temperature,RandomForestClassifier,0.768,0.0254,0.0,0.0,0.0
372,Occupancy.csv,Noisy,0.2,Temperature,ExtraTreesClassifier,0.768,0.3266,0.0,0.0,0.0
373,Occupancy.csv,Noisy,0.2,Temperature,GradientBoostingClassifier,0.768,0.5,0.0,0.0,0.0
374,Occupancy.csv,Noisy,0.2,Temperature,CatBoostClassifier,0.768,0.0067,0.0,0.0,0.0
375,Occupancy.csv,Noisy,0.4,Temperature,KNeighborsClassifier,0.9893,0.4523,0.9853,0.9691,0.9771
376,Occupancy.csv,Noisy,0.4,Temperature,LogisticRegression,0.9871,0.049,0.9822,0.963,0.9725
377,Occupancy.csv,Noisy,0.4,Temperature,SGDClassifier,0.9443,,0.999,0.8069,0.8927
378,Occupancy.csv,Noisy,0.4,Temperature,MLPClassifier,0.9822,0.2492,0.999,0.9298,0.9631
379,Occupancy.csv,Noisy,0.4,Temperature,GaussianNB,0.768,0.4937,0.0,0.0,0.0
380,Occupancy.csv,Noisy,0.4,Temperature,RidgeClassifier,0.768,,0.0,0.0,0.0
381,Occupancy.csv,Noisy,0.4,Temperature,DecisionTreeClassifier,0.768,0.5,0.0,0.0,0.0
382,Occupancy.csv,Noisy,0.4,Temperature,QuadraticDiscriminantAnalysis,0.768,0.5,0.0,0.0,0.0
383,Occupancy.csv,Noisy,0.4,Temperature,AdaBoostClassifier,0.768,0.5,0.0,0.0,0.0
384,Occupancy.csv,Noisy,0.4,Temperature,LinearDiscriminantAnalysis,0.768,0.5,0.0,0.0,0.0
385,Occupancy.csv,Noisy,0.4,Temperature,DummyClassifier,0.768,0.5,0.0,0.0,0.0
386,Occupancy.csv,Noisy,0.4,Temperature,RandomForestClassifier,0.768,0.0048,0.0,0.0,0.0
387,Occupancy.csv,Noisy,0.4,Temperature,ExtraTreesClassifier,0.768,0.2699,0.0,0.0,0.0
388,Occupancy.csv,Noisy,0.4,Temperature,GradientBoostingClassifier,0.768,0.5,0.0,0.0,0.0
389,Occupancy.csv,Noisy,0.4,Temperature,CatBoostClassifier,0.768,0.0059,0.0,0.0,0.0
390,Occupancy.csv,Noisy,0.6,Temperature,KNeighborsClassifier,0.9893,0.4513,0.9853,0.9691,0.9771
391,Occupancy.csv,Noisy,0.6,Temperature,LogisticRegression,0.9869,0.0506,0.9801,0.9639,0.9719
392,Occupancy.csv,Noisy,0.6,Temperature,MLPClassifier,0.9891,0.0657,0.9958,0.9586,0.9769
393,Occupancy.csv,Noisy,0.6,Temperature,SGDClassifier,0.9859,,0.9979,0.9444,0.9704
394,Occupancy.csv,Noisy,0.6,Temperature,GaussianNB,0.768,0.4979,0.0,0.0,0.0
395,Occupancy.csv,Noisy,0.6,Temperature,RidgeClassifier,0.768,,0.0,0.0,0.0
396,Occupancy.csv,Noisy,0.6,Temperature,DecisionTreeClassifier,0.768,0.5,0.0,0.0,0.0
397,Occupancy.csv,Noisy,0.6,Temperature,QuadraticDiscriminantAnalysis,0.768,0.5,0.0,0.0,0.0
398,Occupancy.csv,Noisy,0.6,Temperature,AdaBoostClassifier,0.768,0.5,0.0,0.0,0.0
399,Occupancy.csv,Noisy,0.6,Temperature,LinearDiscriminantAnalysis,0.768,0.5,0.0,0.0,0.0
400,Occupancy.csv,Noisy,0.6,Temperature,DummyClassifier,0.768,0.5,0.0,0.0,0.0
401,Occupancy.csv,Noisy,0.6,Temperature,RandomForestClassifier,0.768,0.0069,0.0,0.0,0.0
402,Occupancy.csv,Noisy,0.6,Temperature,ExtraTreesClassifier,0.768,0.2285,0.0,0.0,0.0
403,Occupancy.csv,Noisy,0.6,Temperature,GradientBoostingClassifier,0.768,0.5,0.0,0.0,0.0
404,Occupancy.csv,Noisy,0.6,Temperature,CatBoostClassifier,0.768,0.0064,0.0,0.0,0.0
405,Occupancy.csv,Noisy,0.8,Temperature,KNeighborsClassifier,0.9895,0.4502,0.9864,0.9691,0.9777
406,Occupancy.csv,Noisy,0.8,Temperature,LogisticRegression,0.9864,0.0519,0.978,0.9638,0.9709
407,Occupancy.csv,Noisy,0.8,Temperature,MLPClassifier,0.9664,0.0162,0.891,0.9615,0.9249
408,Occupancy.csv,Noisy,0.8,Temperature,SGDClassifier,0.9818,,0.9979,0.9288,0.9621
409,Occupancy.csv,Noisy,0.8,Temperature,GaussianNB,0.768,0.4984,0.0,0.0,0.0
410,Occupancy.csv,Noisy,0.8,Temperature,RidgeClassifier,0.768,,0.0,0.0,0.0
411,Occupancy.csv,Noisy,0.8,Temperature,DecisionTreeClassifier,0.768,0.5,0.0,0.0,0.0
412,Occupancy.csv,Noisy,0.8,Temperature,QuadraticDiscriminantAnalysis,0.768,0.5,0.0,0.0,0.0
413,Occupancy.csv,Noisy,0.8,Temperature,AdaBoostClassifier,0.768,0.5,0.0,0.0,0.0
414,Occupancy.csv,Noisy,0.8,Temperature,LinearDiscriminantAnalysis,0.768,0.5,0.0,0.0,0.0
415,Occupancy.csv,Noisy,0.8,Temperature,DummyClassifier,0.768,0.5,0.0,0.0,0.0
416,Occupancy.csv,Noisy,0.8,Temperature,RandomForestClassifier,0.768,0.0032,0.0,0.0,0.0
417,Occupancy.csv,Noisy,0.8,Temperature,ExtraTreesClassifier,0.768,0.2418,0.0,0.0,0.0
418,Occupancy.csv,Noisy,0.8,Temperature,GradientBoostingClassifier,0.768,0.5,0.0,0.0,0.0
419,Occupancy.csv,Noisy,0.8,Temperature,CatBoostClassifier,0.768,0.0064,0.0,0.0,0.0
420,Occupancy.csv,Noisy,0.2,Humidity,KNeighborsClassifier,0.9893,0.4492,0.9864,0.9681,0.9772
421,Occupancy.csv,Noisy,0.2,Humidity,SGDClassifier,0.9891,,0.9969,0.9577,0.9769
422,Occupancy.csv,Noisy,0.2,Humidity,LogisticRegression,0.9859,0.0488,0.9748,0.9647,0.9698
423,Occupancy.csv,Noisy,0.2,Humidity,MLPClassifier,0.982,0.1924,0.9979,0.9297,0.9626
424,Occupancy.csv,Noisy,0.2,Humidity,GaussianNB,0.768,0.4984,0.0,0.0,0.0
425,Occupancy.csv,Noisy,0.2,Humidity,RidgeClassifier,0.768,,0.0,0.0,0.0
426,Occupancy.csv,Noisy,0.2,Humidity,DecisionTreeClassifier,0.768,0.5,0.0,0.0,0.0
427,Occupancy.csv,Noisy,0.2,Humidity,QuadraticDiscriminantAnalysis,0.768,0.5,0.0,0.0,0.0
428,Occupancy.csv,Noisy,0.2,Humidity,AdaBoostClassifier,0.768,0.5,0.0,0.0,0.0
429,Occupancy.csv,Noisy,0.2,Humidity,LinearDiscriminantAnalysis,0.768,0.5,0.0,0.0,0.0
430,Occupancy.csv,Noisy,0.2,Humidity,DummyClassifier,0.768,0.5,0.0,0.0,0.0
431,Occupancy.csv,Noisy,0.2,Humidity,RandomForestClassifier,0.768,0.0299,0.0,0.0,0.0
432,Occupancy.csv,Noisy,0.2,Humidity,ExtraTreesClassifier,0.768,0.3148,0.0,0.0,0.0
433,Occupancy.csv,Noisy,0.2,Humidity,GradientBoostingClassifier,0.768,0.5,0.0,0.0,0.0
434,Occupancy.csv,Noisy,0.2,Humidity,CatBoostClassifier,0.768,0.022,0.0,0.0,0.0
435,Occupancy.csv,Noisy,0.4,Humidity,KNeighborsClassifier,0.9893,0.4465,0.9864,0.9681,0.9772
436,Occupancy.csv,Noisy,0.4,Humidity,LogisticRegression,0.9859,0.0485,0.9748,0.9647,0.9698
437,Occupancy.csv,Noisy,0.4,Humidity,MLPClassifier,0.9891,0.0799,0.9958,0.9586,0.9769
438,Occupancy.csv,Noisy,0.4,Humidity,SGDClassifier,0.9888,,0.9927,0.9604,0.9763
439,Occupancy.csv,Noisy,0.4,Humidity,GaussianNB,0.768,0.4984,0.0,0.0,0.0
440,Occupancy.csv,Noisy,0.4,Humidity,RidgeClassifier,0.768,,0.0,0.0,0.0
441,Occupancy.csv,Noisy,0.4,Humidity,DecisionTreeClassifier,0.768,0.5,0.0,0.0,0.0
442,Occupancy.csv,Noisy,0.4,Humidity,QuadraticDiscriminantAnalysis,0.768,0.5,0.0,0.0,0.0
443,Occupancy.csv,Noisy,0.4,Humidity,AdaBoostClassifier,0.768,0.5,0.0,0.0,0.0
444,Occupancy.csv,Noisy,0.4,Humidity,LinearDiscriminantAnalysis,0.768,0.5,0.0,0.0,0.0
445,Occupancy.csv,Noisy,0.4,Humidity,DummyClassifier,0.768,0.5,0.0,0.0,0.0
446,Occupancy.csv,Noisy,0.4,Humidity,RandomForestClassifier,0.768,0.0149,0.0,0.0,0.0
447,Occupancy.csv,Noisy,0.4,Humidity,ExtraTreesClassifier,0.768,0.2632,0.0,0.0,0.0
448,Occupancy.csv,Noisy,0.4,Humidity,GradientBoostingClassifier,0.768,0.5,0.0,0.0,0.0
449,Occupancy.csv,Noisy,0.4,Humidity,CatBoostClassifier,0.768,0.0067,0.0,0.0,0.0
450,Occupancy.csv,Noisy,0.6,Humidity,KNeighborsClassifier,0.9895,0.4461,0.9864,0.9691,0.9777
451,Occupancy.csv,Noisy,0.6,Humidity,LogisticRegression,0.9854,0.0476,0.9727,0.9647,0.9687
452,Occupancy.csv,Noisy,0.6,Humidity,MLPClassifier,0.9893,0.036,0.9937,0.9615,0.9773
453,Occupancy.csv,Noisy,0.6,Humidity,SGDClassifier,0.9881,,0.9885,0.9613,0.9747
454,Occupancy.csv,Noisy,0.6,Humidity,GaussianNB,0.768,0.4984,0.0,0.0,0.0
455,Occupancy.csv,Noisy,0.6,Humidity,RidgeClassifier,0.768,,0.0,0.0,0.0
456,Occupancy.csv,Noisy,0.6,Humidity,DecisionTreeClassifier,0.768,0.5,0.0,0.0,0.0
457,Occupancy.csv,Noisy,0.6,Humidity,QuadraticDiscriminantAnalysis,0.768,0.5,0.0,0.0,0.0
458,Occupancy.csv,Noisy,0.6,Humidity,AdaBoostClassifier,0.768,0.5,0.0,0.0,0.0
459,Occupancy.csv,Noisy,0.6,Humidity,LinearDiscriminantAnalysis,0.768,0.5,0.0,0.0,0.0
460,Occupancy.csv,Noisy,0.6,Humidity,DummyClassifier,0.768,0.5,0.0,0.0,0.0
461,Occupancy.csv,Noisy,0.6,Humidity,RandomForestClassifier,0.768,0.0057,0.0,0.0,0.0
462,Occupancy.csv,Noisy,0.6,Humidity,ExtraTreesClassifier,0.768,0.4665,0.0,0.0,0.0
463,Occupancy.csv,Noisy,0.6,Humidity,GradientBoostingClassifier,0.768,0.5,0.0,0.0,0.0
464,Occupancy.csv,Noisy,0.6,Humidity,CatBoostClassifier,0.768,0.0065,0.0,0.0,0.0
465,Occupancy.csv,Noisy,0.8,Humidity,KNeighborsClassifier,0.9895,0.4468,0.9864,0.9691,0.9777
466,Occupancy.csv,Noisy,0.8,Humidity,LogisticRegression,0.9859,0.0475,0.9748,0.9647,0.9698
467,Occupancy.csv,Noisy,0.8,Humidity,SGDClassifier,0.9888,,0.9969,0.9567,0.9764
468,Occupancy.csv,Noisy,0.8,Humidity,MLPClassifier,0.9891,0.0312,0.9927,0.9614,0.9768
469,Occupancy.csv,Noisy,0.8,Humidity,GaussianNB,0.768,0.4984,0.0,0.0,0.0
470,Occupancy.csv,Noisy,0.8,Humidity,RidgeClassifier,0.768,,0.0,0.0,0.0
471,Occupancy.csv,Noisy,0.8,Humidity,DecisionTreeClassifier,0.768,0.5,0.0,0.0,0.0
472,Occupancy.csv,Noisy,0.8,Humidity,QuadraticDiscriminantAnalysis,0.768,0.5,0.0,0.0,0.0
473,Occupancy.csv,Noisy,0.8,Humidity,AdaBoostClassifier,0.768,0.5,0.0,0.0,0.0
474,Occupancy.csv,Noisy,0.8,Humidity,LinearDiscriminantAnalysis,0.768,0.5,0.0,0.0,0.0
475,Occupancy.csv,Noisy,0.8,Humidity,DummyClassifier,0.768,0.5,0.0,0.0,0.0
476,Occupancy.csv,Noisy,0.8,Humidity,RandomForestClassifier,0.768,0.0292,0.0,0.0,0.0
477,Occupancy.csv,Noisy,0.8,Humidity,ExtraTreesClassifier,0.768,0.4218,0.0,0.0,0.0
478,Occupancy.csv,Noisy,0.8,Humidity,GradientBoostingClassifier,0.768,0.5,0.0,0.0,0.0
479,Occupancy.csv,Noisy,0.8,Humidity,CatBoostClassifier,0.768,0.0084,0.0,0.0,0.0
480,Occupancy.csv,Noisy,0.2,Light,KNeighborsClassifier,0.9869,0.3979,0.979,0.9649,0.9719
481,Occupancy.csv,Noisy,0.2,Light,MLPClassifier,0.903,0.0176,0.5964,0.976,0.7404
482,Occupancy.csv,Noisy,0.2,Light,LogisticRegression,0.7772,0.0674,0.0409,0.975,0.0785
483,Occupancy.csv,Noisy,0.2,Light,GaussianNB,0.768,0.5,0.0,0.0,0.0
484,Occupancy.csv,Noisy,0.2,Light,DecisionTreeClassifier,0.768,0.5,0.0,0.0,0.0
485,Occupancy.csv,Noisy,0.2,Light,RidgeClassifier,0.768,,0.0,0.0,0.0
486,Occupancy.csv,Noisy,0.2,Light,QuadraticDiscriminantAnalysis,0.768,0.5,0.0,0.0,0.0
487,Occupancy.csv,Noisy,0.2,Light,AdaBoostClassifier,0.768,0.5,0.0,0.0,0.0
488,Occupancy.csv,Noisy,0.2,Light,LinearDiscriminantAnalysis,0.768,0.5,0.0,0.0,0.0
489,Occupancy.csv,Noisy,0.2,Light,DummyClassifier,0.768,0.5,0.0,0.0,0.0
490,Occupancy.csv,Noisy,0.2,Light,RandomForestClassifier,0.768,0.0696,0.0,0.0,0.0
491,Occupancy.csv,Noisy,0.2,Light,ExtraTreesClassifier,0.768,0.3135,0.0,0.0,0.0
492,Occupancy.csv,Noisy,0.2,Light,GradientBoostingClassifier,0.768,0.5,0.0,0.0,0.0
493,Occupancy.csv,Noisy,0.2,Light,CatBoostClassifier,0.768,0.0058,0.0,0.0,0.0
494,Occupancy.csv,Noisy,0.2,Light,SGDClassifier,0.768,,0.0,0.0,0.0
495,Occupancy.csv,Noisy,0.4,Light,KNeighborsClassifier,0.9796,0.3561,0.9581,0.9541,0.9561
496,Occupancy.csv,Noisy,0.4,Light,MLPClassifier,0.9484,0.0858,0.8585,0.9141,0.8854
497,Occupancy.csv,Noisy,0.4,Light,LogisticRegression,0.7765,0.0841,0.0377,0.973,0.0727
498,Occupancy.csv,Noisy,0.4,Light,GaussianNB,0.768,0.4912,0.0,0.0,0.0
499,Occupancy.csv,Noisy,0.4,Light,DecisionTreeClassifier,0.768,0.5,0.0,0.0,0.0
500,Occupancy.csv,Noisy,0.4,Light,RidgeClassifier,0.768,,0.0,0.0,0.0
501,Occupancy.csv,Noisy,0.4,Light,QuadraticDiscriminantAnalysis,0.768,0.5,0.0,0.0,0.0
502,Occupancy.csv,Noisy,0.4,Light,AdaBoostClassifier,0.768,0.5,0.0,0.0,0.0
503,Occupancy.csv,Noisy,0.4,Light,LinearDiscriminantAnalysis,0.768,0.5,0.0,0.0,0.0
504,Occupancy.csv,Noisy,0.4,Light,DummyClassifier,0.768,0.5,0.0,0.0,0.0
505,Occupancy.csv,Noisy,0.4,Light,RandomForestClassifier,0.768,0.179,0.0,0.0,0.0
506,Occupancy.csv,Noisy,0.4,Light,ExtraTreesClassifier,0.768,0.5511,0.0,0.0,0.0
507,Occupancy.csv,Noisy,0.4,Light,GradientBoostingClassifier,0.768,0.5,0.0,0.0,0.0
508,Occupancy.csv,Noisy,0.4,Light,CatBoostClassifier,0.768,0.134,0.0,0.0,0.0
509,Occupancy.csv,Noisy,0.4,Light,SGDClassifier,0.7551,,0.1101,0.3992,0.1726
510,Occupancy.csv,Noisy,0.6,Light,KNeighborsClassifier,0.9713,0.3188,0.9266,0.9485,0.9374
511,Occupancy.csv,Noisy,0.6,Light,MLPClassifier,0.7682,0.0302,0.001,1.0,0.0021
512,Occupancy.csv,Noisy,0.6,Light,LogisticRegression,0.776,0.0978,0.0356,0.9714,0.0688
513,Occupancy.csv,Noisy,0.6,Light,GaussianNB,0.768,0.4802,0.0,0.0,0.0
514,Occupancy.csv,Noisy,0.6,Light,DecisionTreeClassifier,0.768,0.5,0.0,0.0,0.0
515,Occupancy.csv,Noisy,0.6,Light,RidgeClassifier,0.768,,0.0,0.0,0.0
516,Occupancy.csv,Noisy,0.6,Light,QuadraticDiscriminantAnalysis,0.768,0.5,0.0,0.0,0.0
517,Occupancy.csv,Noisy,0.6,Light,AdaBoostClassifier,0.768,0.5,0.0,0.0,0.0
518,Occupancy.csv,Noisy,0.6,Light,LinearDiscriminantAnalysis,0.768,0.5,0.0,0.0,0.0
519,Occupancy.csv,Noisy,0.6,Light,DummyClassifier,0.768,0.5,0.0,0.0,0.0
520,Occupancy.csv,Noisy,0.6,Light,RandomForestClassifier,0.768,0.2349,0.0,0.0,0.0
521,Occupancy.csv,Noisy,0.6,Light,ExtraTreesClassifier,0.768,0.3103,0.0,0.0,0.0
522,Occupancy.csv,Noisy,0.6,Light,GradientBoostingClassifier,0.768,0.5,0.0,0.0,0.0
523,Occupancy.csv,Noisy,0.6,Light,CatBoostClassifier,0.768,0.4721,0.0,0.0,0.0
524,Occupancy.csv,Noisy,0.6,Light,SGDClassifier,0.6697,,0.8679,0.4019,0.5494
525,Occupancy.csv,Noisy,0.8,Light,KNeighborsClassifier,0.9521,0.2665,0.8553,0.9326,0.8923
526,Occupancy.csv,Noisy,0.8,Light,MLPClassifier,0.9037,0.0301,0.6468,0.9127,0.7571
527,Occupancy.csv,Noisy,0.8,Light,LogisticRegression,0.7765,0.1124,0.0377,0.973,0.0727
528,Occupancy.csv,Noisy,0.8,Light,GaussianNB,0.768,0.4818,0.0,0.0,0.0
529,Occupancy.csv,Noisy,0.8,Light,DecisionTreeClassifier,0.768,0.5,0.0,0.0,0.0
530,Occupancy.csv,Noisy,0.8,Light,RidgeClassifier,0.768,,0.0,0.0,0.0
531,Occupancy.csv,Noisy,0.8,Light,QuadraticDiscriminantAnalysis,0.768,0.5,0.0,0.0,0.0
532,Occupancy.csv,Noisy,0.8,Light,AdaBoostClassifier,0.768,0.5,0.0,0.0,0.0
533,Occupancy.csv,Noisy,0.8,Light,LinearDiscriminantAnalysis,0.768,0.5,0.0,0.0,0.0
534,Occupancy.csv,Noisy,0.8,Light,DummyClassifier,0.768,0.5,0.0,0.0,0.0
535,Occupancy.csv,Noisy,0.8,Light,RandomForestClassifier,0.768,0.2608,0.0,0.0,0.0
536,Occupancy.csv,Noisy,0.8,Light,ExtraTreesClassifier,0.768,0.6924,0.0,0.0,0.0
537,Occupancy.csv,Noisy,0.8,Light,GradientBoostingClassifier,0.768,0.5,0.0,0.0,0.0
538,Occupancy.csv,Noisy,0.8,Light,CatBoostClassifier,0.768,0.2751,0.0,0.0,0.0
539,Occupancy.csv,Noisy,0.8,Light,SGDClassifier,0.7269,,0.8071,0.4506,0.5783
540,Occupancy.csv,Noisy,0.2,CO2,KNeighborsClassifier,0.9404,0.2062,0.7977,0.936,0.8613
541,Occupancy.csv,Noisy,0.2,CO2,LogisticRegression,0.768,0.0986,0.0,0.0,0.0
542,Occupancy.csv,Noisy,0.2,CO2,GaussianNB,0.768,0.5,0.0,0.0,0.0
543,Occupancy.csv,Noisy,0.2,CO2,DecisionTreeClassifier,0.768,0.5,0.0,0.0,0.0
544,Occupancy.csv,Noisy,0.2,CO2,RidgeClassifier,0.768,,0.0,0.0,0.0
545,Occupancy.csv,Noisy,0.2,CO2,QuadraticDiscriminantAnalysis,0.768,0.5,0.0,0.0,0.0
546,Occupancy.csv,Noisy,0.2,CO2,AdaBoostClassifier,0.768,0.5,0.0,0.0,0.0
547,Occupancy.csv,Noisy,0.2,CO2,LinearDiscriminantAnalysis,0.768,0.5,0.0,0.0,0.0
548,Occupancy.csv,Noisy,0.2,CO2,DummyClassifier,0.768,0.5,0.0,0.0,0.0
549,Occupancy.csv,Noisy,0.2,CO2,RandomForestClassifier,0.768,0.2128,0.0,0.0,0.0
550,Occupancy.csv,Noisy,0.2,CO2,ExtraTreesClassifier,0.768,0.2322,0.0,0.0,0.0
551,Occupancy.csv,Noisy,0.2,CO2,GradientBoostingClassifier,0.768,0.5,0.0,0.0,0.0
552,Occupancy.csv,Noisy,0.2,CO2,CatBoostClassifier,0.768,0.5893,0.0,0.0,0.0
553,Occupancy.csv,Noisy,0.2,CO2,MLPClassifier,0.768,0.0726,0.0,0.0,0.0
554,Occupancy.csv,Noisy,0.2,CO2,SGDClassifier,0.7009,,0.4119,0.3701,0.3899
555,Occupancy.csv,Noisy,0.4,CO2,LogisticRegression,0.768,0.0851,0.0,0.0,0.0
556,Occupancy.csv,Noisy,0.4,CO2,GaussianNB,0.768,0.5,0.0,0.0,0.0
557,Occupancy.csv,Noisy,0.4,CO2,DecisionTreeClassifier,0.768,0.5,0.0,0.0,0.0
558,Occupancy.csv,Noisy,0.4,CO2,RidgeClassifier,0.768,,0.0,0.0,0.0
559,Occupancy.csv,Noisy,0.4,CO2,QuadraticDiscriminantAnalysis,0.768,0.5,0.0,0.0,0.0
560,Occupancy.csv,Noisy,0.4,CO2,AdaBoostClassifier,0.768,0.5,0.0,0.0,0.0
561,Occupancy.csv,Noisy,0.4,CO2,LinearDiscriminantAnalysis,0.768,0.5,0.0,0.0,0.0
562,Occupancy.csv,Noisy,0.4,CO2,DummyClassifier,0.768,0.5,0.0,0.0,0.0
563,Occupancy.csv,Noisy,0.4,CO2,RandomForestClassifier,0.768,0.1684,0.0,0.0,0.0
564,Occupancy.csv,Noisy,0.4,CO2,ExtraTreesClassifier,0.768,0.2446,0.0,0.0,0.0
565,Occupancy.csv,Noisy,0.4,CO2,GradientBoostingClassifier,0.768,0.5,0.0,0.0,0.0
566,Occupancy.csv,Noisy,0.4,CO2,CatBoostClassifier,0.768,0.7084,0.0,0.0,0.0
567,Occupancy.csv,Noisy,0.4,CO2,KNeighborsClassifier,0.9414,0.1704,0.783,0.9565,0.8611
568,Occupancy.csv,Noisy,0.4,CO2,MLPClassifier,0.838,0.0163,0.3103,0.9737,0.4706
569,Occupancy.csv,Noisy,0.4,CO2,SGDClassifier,0.7658,,0.0,0.0,0.0
570,Occupancy.csv,Noisy,0.6,CO2,LogisticRegression,0.768,0.0642,0.0,0.0,0.0
571,Occupancy.csv,Noisy,0.6,CO2,GaussianNB,0.768,0.5,0.0,0.0,0.0
572,Occupancy.csv,Noisy,0.6,CO2,DecisionTreeClassifier,0.768,0.5,0.0,0.0,0.0
573,Occupancy.csv,Noisy,0.6,CO2,RidgeClassifier,0.768,,0.0,0.0,0.0
574,Occupancy.csv,Noisy,0.6,CO2,QuadraticDiscriminantAnalysis,0.768,0.5,0.0,0.0,0.0
575,Occupancy.csv,Noisy,0.6,CO2,AdaBoostClassifier,0.768,0.5,0.0,0.0,0.0
576,Occupancy.csv,Noisy,0.6,CO2,LinearDiscriminantAnalysis,0.768,0.5,0.0,0.0,0.0
577,Occupancy.csv,Noisy,0.6,CO2,DummyClassifier,0.768,0.5,0.0,0.0,0.0
578,Occupancy.csv,Noisy,0.6,CO2,RandomForestClassifier,0.768,0.3876,0.0,0.0,0.0
579,Occupancy.csv,Noisy,0.6,CO2,ExtraTreesClassifier,0.768,0.0868,0.0,0.0,0.0
580,Occupancy.csv,Noisy,0.6,CO2,GradientBoostingClassifier,0.768,0.5,0.0,0.0,0.0
581,Occupancy.csv,Noisy,0.6,CO2,CatBoostClassifier,0.768,0.7377,0.0,0.0,0.0
582,Occupancy.csv,Noisy,0.6,CO2,KNeighborsClassifier,0.9351,0.1679,0.7453,0.9673,0.8419
583,Occupancy.csv,Noisy,0.6,CO2,MLPClassifier,0.768,0.0136,0.0,0.0,0.0
584,Occupancy.csv,Noisy,0.6,CO2,SGDClassifier,0.768,,0.0,0.0,0.0
585,Occupancy.csv,Noisy,0.8,CO2,LogisticRegression,0.768,0.038,0.0,0.0,0.0
586,Occupancy.csv,Noisy,0.8,CO2,GaussianNB,0.768,0.5,0.0,0.0,0.0
587,Occupancy.csv,Noisy,0.8,CO2,DecisionTreeClassifier,0.768,0.5,0.0,0.0,0.0
588,Occupancy.csv,Noisy,0.8,CO2,RidgeClassifier,0.768,,0.0,0.0,0.0
589,Occupancy.csv,Noisy,0.8,CO2,QuadraticDiscriminantAnalysis,0.768,0.5,0.0,0.0,0.0
590,Occupancy.csv,Noisy,0.8,CO2,AdaBoostClassifier,0.768,0.5,0.0,0.0,0.0
591,Occupancy.csv,Noisy,0.8,CO2,LinearDiscriminantAnalysis,0.768,0.5,0.0,0.0,0.0
592,Occupancy.csv,Noisy,0.8,CO2,DummyClassifier,0.768,0.5,0.0,0.0,0.0
593,Occupancy.csv,Noisy,0.8,CO2,RandomForestClassifier,0.768,0.323,0.0,0.0,0.0
594,Occupancy.csv,Noisy,0.8,CO2,ExtraTreesClassifier,0.768,0.483,0.0,0.0,0.0
595,Occupancy.csv,Noisy,0.8,CO2,GradientBoostingClassifier,0.768,0.5,0.0,0.0,0.0
596,Occupancy.csv,Noisy,0.8,CO2,CatBoostClassifier,0.768,0.6876,0.0,0.0,0.0
597,Occupancy.csv,Noisy,0.8,CO2,KNeighborsClassifier,0.9278,0.1599,0.717,0.962,0.8216
598,Occupancy.csv,Noisy,0.8,CO2,MLPClassifier,0.768,0.0851,0.0,0.0,0.0
599,Occupancy.csv,Noisy,0.8,CO2,SGDClassifier,0.9628,,0.9969,0.8638,0.9255
600,Occupancy.csv,Noisy,0.2,HumidityRatio,LogisticRegression,0.768,0.038,0.0,0.0,0.0
601,Occupancy.csv,Noisy,0.2,HumidityRatio,GaussianNB,0.768,0.5,0.0,0.0,0.0
602,Occupancy.csv,Noisy,0.2,HumidityRatio,DecisionTreeClassifier,0.768,0.5,0.0,0.0,0.0
603,Occupancy.csv,Noisy,0.2,HumidityRatio,RidgeClassifier,0.768,,0.0,0.0,0.0
604,Occupancy.csv,Noisy,0.2,HumidityRatio,QuadraticDiscriminantAnalysis,0.768,0.5,0.0,0.0,0.0
605,Occupancy.csv,Noisy,0.2,HumidityRatio,AdaBoostClassifier,0.768,0.5,0.0,0.0,0.0
606,Occupancy.csv,Noisy,0.2,HumidityRatio,LinearDiscriminantAnalysis,0.768,0.5,0.0,0.0,0.0
607,Occupancy.csv,Noisy,0.2,HumidityRatio,DummyClassifier,0.768,0.5,0.0,0.0,0.0
608,Occupancy.csv,Noisy,0.2,HumidityRatio,RandomForestClassifier,0.768,0.2737,0.0,0.0,0.0
609,Occupancy.csv,Noisy,0.2,HumidityRatio,ExtraTreesClassifier,0.768,0.2139,0.0,0.0,0.0
610,Occupancy.csv,Noisy,0.2,HumidityRatio,GradientBoostingClassifier,0.768,0.5,0.0,0.0,0.0
611,Occupancy.csv,Noisy,0.2,HumidityRatio,CatBoostClassifier,0.768,0.7538,0.0,0.0,0.0
612,Occupancy.csv,Noisy,0.2,HumidityRatio,KNeighborsClassifier,0.9278,0.1599,0.717,0.962,0.8216
613,Occupancy.csv,Noisy,0.2,HumidityRatio,MLPClassifier,0.768,0.064,0.0,0.0,0.0
614,Occupancy.csv,Noisy,0.2,HumidityRatio,SGDClassifier,0.9628,,0.9969,0.8638,0.9255
615,Occupancy.csv,Noisy,0.4,HumidityRatio,LogisticRegression,0.768,0.038,0.0,0.0,0.0
616,Occupancy.csv,Noisy,0.4,HumidityRatio,GaussianNB,0.768,0.5,0.0,0.0,0.0
617,Occupancy.csv,Noisy,0.4,HumidityRatio,DecisionTreeClassifier,0.768,0.5,0.0,0.0,0.0
618,Occupancy.csv,Noisy,0.4,HumidityRatio,RidgeClassifier,0.768,,0.0,0.0,0.0
619,Occupancy.csv,Noisy,0.4,HumidityRatio,QuadraticDiscriminantAnalysis,0.768,0.5,0.0,0.0,0.0
620,Occupancy.csv,Noisy,0.4,HumidityRatio,AdaBoostClassifier,0.768,0.5,0.0,0.0,0.0
621,Occupancy.csv,Noisy,0.4,HumidityRatio,LinearDiscriminantAnalysis,0.768,0.5,0.0,0.0,0.0
622,Occupancy.csv,Noisy,0.4,HumidityRatio,DummyClassifier,0.768,0.5,0.0,0.0,0.0
623,Occupancy.csv,Noisy,0.4,HumidityRatio,RandomForestClassifier,0.768,0.2923,0.0,0.0,0.0
624,Occupancy.csv,Noisy,0.4,HumidityRatio,ExtraTreesClassifier,0.768,0.2949,0.0,0.0,0.0
625,Occupancy.csv,Noisy,0.4,HumidityRatio,GradientBoostingClassifier,0.768,0.5,0.0,0.0,0.0
626,Occupancy.csv,Noisy,0.4,HumidityRatio,CatBoostClassifier,0.768,0.7204,0.0,0.0,0.0
627,Occupancy.csv,Noisy,0.4,HumidityRatio,KNeighborsClassifier,0.9278,0.1599,0.717,0.962,0.8216
628,Occupancy.csv,Noisy,0.4,HumidityRatio,SGDClassifier,0.9628,,0.9969,0.8638,0.9255
629,Occupancy.csv,Noisy,0.4,HumidityRatio,MLPClassifier,0.768,0.0555,0.0,0.0,0.0
630,Occupancy.csv,Noisy,0.6,HumidityRatio,LogisticRegression,0.768,0.038,0.0,0.0,0.0
631,Occupancy.csv,Noisy,0.6,HumidityRatio,GaussianNB,0.768,0.5,0.0,0.0,0.0
632,Occupancy.csv,Noisy,0.6,HumidityRatio,DecisionTreeClassifier,0.768,0.5,0.0,0.0,0.0
633,Occupancy.csv,Noisy,0.6,HumidityRatio,RidgeClassifier,0.768,,0.0,0.0,0.0
634,Occupancy.csv,Noisy,0.6,HumidityRatio,QuadraticDiscriminantAnalysis,0.768,0.5,0.0,0.0,0.0
635,Occupancy.csv,Noisy,0.6,HumidityRatio,AdaBoostClassifier,0.768,0.5,0.0,0.0,0.0
636,Occupancy.csv,Noisy,0.6,HumidityRatio,LinearDiscriminantAnalysis,0.768,0.5,0.0,0.0,0.0
637,Occupancy.csv,Noisy,0.6,HumidityRatio,DummyClassifier,0.768,0.5,0.0,0.0,0.0
638,Occupancy.csv,Noisy,0.6,HumidityRatio,RandomForestClassifier,0.768,0.3795,0.0,0.0,0.0
639,Occupancy.csv,Noisy,0.6,HumidityRatio,ExtraTreesClassifier,0.768,0.2399,0.0,0.0,0.0
640,Occupancy.csv,Noisy,0.6,HumidityRatio,GradientBoostingClassifier,0.768,0.5,0.0,0.0,0.0
641,Occupancy.csv,Noisy,0.6,HumidityRatio,CatBoostClassifier,0.768,0.7375,0.0,0.0,0.0
642,Occupancy.csv,Noisy,0.6,HumidityRatio,KNeighborsClassifier,0.9278,0.1599,0.717,0.962,0.8216
643,Occupancy.csv,Noisy,0.6,HumidityRatio,MLPClassifier,0.768,0.0395,0.0,0.0,0.0
644,Occupancy.csv,Noisy,0.6,HumidityRatio,SGDClassifier,0.9628,,0.9969,0.8638,0.9255
645,Occupancy.csv,Noisy,0.8,HumidityRatio,LogisticRegression,0.768,0.038,0.0,0.0,0.0
646,Occupancy.csv,Noisy,0.8,HumidityRatio,GaussianNB,0.768,0.5,0.0,0.0,0.0
647,Occupancy.csv,Noisy,0.8,HumidityRatio,DecisionTreeClassifier,0.768,0.5,0.0,0.0,0.0
648,Occupancy.csv,Noisy,0.8,HumidityRatio,RidgeClassifier,0.768,,0.0,0.0,0.0
649,Occupancy.csv,Noisy,0.8,HumidityRatio,QuadraticDiscriminantAnalysis,0.768,0.5,0.0,0.0,0.0
650,Occupancy.csv,Noisy,0.8,HumidityRatio,AdaBoostClassifier,0.768,0.5,0.0,0.0,0.0
651,Occupancy.csv,Noisy,0.8,HumidityRatio,LinearDiscriminantAnalysis,0.768,0.5,0.0,0.0,0.0
652,Occupancy.csv,Noisy,0.8,HumidityRatio,DummyClassifier,0.768,0.5,0.0,0.0,0.0
653,Occupancy.csv,Noisy,0.8,HumidityRatio,RandomForestClassifier,0.768,0.3566,0.0,0.0,0.0
654,Occupancy.csv,Noisy,0.8,HumidityRatio,ExtraTreesClassifier,0.768,0.3322,0.0,0.0,0.0
655,Occupancy.csv,Noisy,0.8,HumidityRatio,GradientBoostingClassifier,0.768,0.5,0.0,0.0,0.0
656,Occupancy.csv,Noisy,0.8,HumidityRatio,CatBoostClassifier,0.768,0.7281,0.0,0.0,0.0
657,Occupancy.csv,Noisy,0.8,HumidityRatio,KNeighborsClassifier,0.9278,0.1599,0.717,0.962,0.8216
658,Occupancy.csv,Noisy,0.8,HumidityRatio,SGDClassifier,0.9628,,0.9969,0.8638,0.9255
659,Occupancy.csv,Noisy,0.8,HumidityRatio,MLPClassifier,0.768,0.0708,0.0,0.0,0.0
660,Occupancy.csv,Noisy,0.2,date,KNeighborsClassifier,0.9895,0.4528,0.9864,0.9691,0.9777
661,Occupancy.csv,Noisy,0.2,date,LogisticRegression,0.9883,0.0579,0.9927,0.9585,0.9753
662,Occupancy.csv,Noisy,0.2,date,MLPClassifier,0.9888,0.0333,0.9937,0.9595,0.9763
663,Occupancy.csv,Noisy,0.2,date,SGDClassifier,0.9891,,0.9969,0.9577,0.9769
664,Occupancy.csv,Noisy,0.2,date,QuadraticDiscriminantAnalysis,0.9871,0.3627,0.9937,0.9528,0.9728
665,Occupancy.csv,Noisy,0.2,date,GaussianNB,0.9757,0.2825,0.9895,0.913,0.9497
666,Occupancy.csv,Noisy,0.2,date,RidgeClassifier,0.9832,,0.9644,0.9634,0.9639
667,Occupancy.csv,Noisy,0.2,date,RandomForestClassifier,0.99,0.1219,0.9958,0.9625,0.9789
668,Occupancy.csv,Noisy,0.2,date,CatBoostClassifier,0.9893,0.0454,0.9958,0.9596,0.9774
669,Occupancy.csv,Noisy,0.2,date,AdaBoostClassifier,0.9871,0.0533,0.9717,0.9727,0.9722
670,Occupancy.csv,Noisy,0.2,date,GradientBoostingClassifier,0.9857,0.0128,0.9811,0.958,0.9694
671,Occupancy.csv,Noisy,0.2,date,ExtraTreesClassifier,0.9803,0.011,0.9329,0.9813,0.9565
672,Occupancy.csv,Noisy,0.2,date,DecisionTreeClassifier,0.9861,0.5,0.9696,0.9706,0.9701
673,Occupancy.csv,Noisy,0.2,date,LinearDiscriminantAnalysis,0.9698,0.1007,0.9046,0.9632,0.933
674,Occupancy.csv,Noisy,0.2,date,DummyClassifier,0.768,0.5,0.0,0.0,0.0
675,Occupancy.csv,Noisy,0.4,date,KNeighborsClassifier,0.9895,0.4528,0.9864,0.9691,0.9777
676,Occupancy.csv,Noisy,0.4,date,LogisticRegression,0.9886,0.0673,0.9937,0.9585,0.9758
677,Occupancy.csv,Noisy,0.4,date,MLPClassifier,0.9893,0.0348,0.9958,0.9596,0.9774
678,Occupancy.csv,Noisy,0.4,date,SGDClassifier,0.9883,,0.9906,0.9604,0.9752
679,Occupancy.csv,Noisy,0.4,date,RidgeClassifier,0.9891,,0.9958,0.9586,0.9769
680,Occupancy.csv,Noisy,0.4,date,LinearDiscriminantAnalysis,0.9891,0.2492,0.9958,0.9586,0.9769
681,Occupancy.csv,Noisy,0.4,date,GaussianNB,0.9708,0.375,0.9979,0.8897,0.9407
682,Occupancy.csv,Noisy,0.4,date,QuadraticDiscriminantAnalysis,0.9861,0.4449,0.9948,0.9481,0.9708
683,Occupancy.csv,Noisy,0.4,date,ExtraTreesClassifier,0.9857,0.0448,0.9727,0.9657,0.9692
684,Occupancy.csv,Noisy,0.4,date,CatBoostClassifier,0.9883,0.0327,0.9895,0.9613,0.9752
685,Occupancy.csv,Noisy,0.4,date,RandomForestClassifier,0.9898,0.0832,0.9916,0.9653,0.9783
686,Occupancy.csv,Noisy,0.4,date,AdaBoostClassifier,0.9876,0.0807,0.9906,0.9574,0.9737
687,Occupancy.csv,Noisy,0.4,date,GradientBoostingClassifier,0.9891,0.021,0.9948,0.9596,0.9768
688,Occupancy.csv,Noisy,0.4,date,DecisionTreeClassifier,0.9852,0.5,0.9727,0.9637,0.9682
689,Occupancy.csv,Noisy,0.4,date,DummyClassifier,0.768,0.5,0.0,0.0,0.0
690,Occupancy.csv,Noisy,0.6,date,KNeighborsClassifier,0.9895,0.4528,0.9864,0.9691,0.9777
691,Occupancy.csv,Noisy,0.6,date,LogisticRegression,0.9893,0.0741,0.9969,0.9587,0.9774
692,Occupancy.csv,Noisy,0.6,date,RidgeClassifier,0.9891,,0.9958,0.9586,0.9769
693,Occupancy.csv,Noisy,0.6,date,LinearDiscriminantAnalysis,0.9883,0.3502,0.9969,0.9548,0.9754
694,Occupancy.csv,Noisy,0.6,date,MLPClassifier,0.9893,0.0343,0.9958,0.9596,0.9774
695,Occupancy.csv,Noisy,0.6,date,SGDClassifier,0.9881,,0.9969,0.9539,0.9749
696,Occupancy.csv,Noisy,0.6,date,QuadraticDiscriminantAnalysis,0.9849,0.4701,0.9948,0.9433,0.9684
697,Occupancy.csv,Noisy,0.6,date,GaussianNB,0.9691,0.4114,0.9979,0.8839,0.9375
698,Occupancy.csv,Noisy,0.6,date,ExtraTreesClassifier,0.9908,0.0675,0.9895,0.9712,0.9803
699,Occupancy.csv,Noisy,0.6,date,CatBoostClassifier,0.99,0.0363,0.9927,0.9653,0.9788
700,Occupancy.csv,Noisy,0.6,date,RandomForestClassifier,0.9898,0.1705,0.9906,0.9663,0.9783
701,Occupancy.csv,Noisy,0.6,date,AdaBoostClassifier,0.9866,0.04,0.979,0.9639,0.9714
702,Occupancy.csv,Noisy,0.6,date,GradientBoostingClassifier,0.9869,0.0186,0.9811,0.963,0.972
703,Occupancy.csv,Noisy,0.6,date,DecisionTreeClassifier,0.9878,0.5,0.9748,0.9728,0.9738
704,Occupancy.csv,Noisy,0.6,date,DummyClassifier,0.768,0.5,0.0,0.0,0.0
705,Occupancy.csv,Noisy,0.8,date,KNeighborsClassifier,0.9895,0.4528,0.9864,0.9691,0.9777
706,Occupancy.csv,Noisy,0.8,date,LogisticRegression,0.9893,0.0793,0.9969,0.9587,0.9774
707,Occupancy.csv,Noisy,0.8,date,SGDClassifier,0.9893,,0.9969,0.9587,0.9774
708,Occupancy.csv,Noisy,0.8,date,RidgeClassifier,0.9888,,0.9958,0.9577,0.9764
709,Occupancy.csv,Noisy,0.8,date,LinearDiscriminantAnalysis,0.9881,0.4051,0.9969,0.9539,0.9749
710,Occupancy.csv,Noisy,0.8,date,MLPClassifier,0.9893,0.0354,0.9958,0.9596,0.9774
711,Occupancy.csv,Noisy,0.8,date,QuadraticDiscriminantAnalysis,0.9842,0.4801,0.9948,0.9405,0.9669
712,Occupancy.csv,Noisy,0.8,date,GaussianNB,0.9677,0.429,0.9979,0.879,0.9347
713,Occupancy.csv,Noisy,0.8,date,ExtraTreesClassifier,0.9891,0.097,0.9843,0.969,0.9766
714,Occupancy.csv,Noisy,0.8,date,CatBoostClassifier,0.9888,0.0277,0.9895,0.9633,0.9762
715,Occupancy.csv,Noisy,0.8,date,GradientBoostingClassifier,0.9891,0.0179,0.9906,0.9633,0.9767
716,Occupancy.csv,Noisy,0.8,date,AdaBoostClassifier,0.9869,0.0783,0.9811,0.963,0.972
717,Occupancy.csv,Noisy,0.8,date,RandomForestClassifier,0.9893,0.212,0.9906,0.9643,0.9772
718,Occupancy.csv,Noisy,0.8,date,DecisionTreeClassifier,0.9839,0.5,0.9602,0.9703,0.9652
719,Occupancy.csv,Noisy,0.8,date,DummyClassifier,0.768,0.5,0.0,0.0,0.0
